dataset,variant,model,number users,number items,number interactions,avg. user degree,avg. item degree,rmse_mean,sparsity_mean,Precision@10_mean,Recall@10_mean,NDCG@10_mean,MRR@10_mean,rmse_sd,sparsity_sd,Precision@10_sd,Recall@10_sd,NDCG@10_sd,MRR@10_sd
lastfm,kcore10_sizematch_kcore50_seed42,BPR,10378,58229,1842798,177.5677394488,31.64742654,,0.9969505274099016,0.033735878457343195,0.33735878457343205,0.19301440966234532,0.14897508672343107,,0.0,0.000530216501317344,0.005302165013173415,0.00381354888571424,0.003410993787222087
lastfm,kcore10_sizematch_kcore50_seed42,ItemKNN,10378,58229,1842798,177.5677394488,31.64742654,,0.9969505274099016,0.06128749513050253,0.6128749513050252,0.4495703428997094,0.3980956271397447,,0.0,0.0001855527744766043,0.001855527744766096,0.001457915337851845,0.0014586603161490601
lastfm,kcore10_sizematch_kcore50_seed42,LightGCN,10378,58229,1842798,177.5677394488,31.64742654,,0.9969505274099016,0.035751850409037784,0.3575185040903779,0.20763227372550427,0.16181951993453747,,0.0,0.0006515671477864325,0.006515671477864315,0.004753373227438738,0.00420424916328437
lastfm,kcore10_sizematch_kcore50_seed42,MultiVAE,10378,58229,1842798,177.5677394488,31.64742654,,0.9969505274099016,0.021299181924425398,0.212991819244254,0.11886034748947498,0.090291780803565,,0.0,0.0016445065100188993,0.016445065100188984,0.010719947857594848,0.008989822906325162
lastfm,kcore10_sizematch_kcore50_seed42,NeuMF,10378,58229,1842798,177.5677394488,31.64742654,,0.9969505274099016,0.03664783794312427,0.36647837943124273,0.20470864047691392,0.15546051017905324,,0.0,0.0002690149457914558,0.002690149457914527,0.0016388803082683602,0.001504350959081197
lastfm,kcore10_sizematch_kcore50_seed43,BPR,10378,58229,1817421,175.1224706109,31.2116127703,,0.9969925214135412,0.03336905341776262,0.33369053417762623,0.1922162792837453,0.14909391856542367,,0.0,0.0002474760043287256,0.002474760043287227,0.002503181755930789,0.0025862138897144015
lastfm,kcore10_sizematch_kcore50_seed43,ItemKNN,10378,58229,1817421,175.1224706109,31.2116127703,,0.9969925214135412,0.06123071927260918,0.6123071927260919,0.44974445698007587,0.3985030037343725,,0.0,0.00020992104379144845,0.002099210437914515,0.0010304479378340247,0.0010483878325994996
lastfm,kcore10_sizematch_kcore50_seed43,LightGCN,10378,58229,1817421,175.1224706109,31.2116127703,,0.9969925214135412,0.035184283162851104,0.3518428316285111,0.20486486494711978,0.15989669267068196,,0.0,0.0004851723821403623,0.004851723821403637,0.003773017062903011,0.0035985054778023048
lastfm,kcore10_sizematch_kcore50_seed43,MultiVAE,10378,58229,1817421,175.1224706109,31.2116127703,,0.9969925214135412,0.020438382854359474,0.20438382854359474,0.11604796382321059,0.089204880198548,,0.0,0.00117295166411651,0.011729516641165123,0.007604545480637754,0.006337641143119613
lastfm,kcore10_sizematch_kcore50_seed43,NeuMF,10378,58229,1817421,175.1224706109,31.2116127703,,0.9969925214135412,0.03557395681117064,0.35573956811170643,0.1978484332171044,0.1497566859184005,,0.0,0.0004181433085129278,0.004181433085129289,0.003834547918941577,0.0038553734201246565
lastfm,kcore10_sizematch_kcore50_seed44,BPR,10378,58229,1823066,175.6664097129,31.3085575916,,0.9969831800355001,0.03394665109034268,0.3394665109034268,0.19536309437517066,0.15139546916464752,,0.0,0.0006496378746379632,0.0064963787463796245,0.0032833950764107286,0.0026337657374948
lastfm,kcore10_sizematch_kcore50_seed44,ItemKNN,10378,58229,1823066,175.6664097129,31.3085575916,,0.9969831800355001,0.061627076843198327,0.6162707684319834,0.4542053384545886,0.4030009791862401,,0.0,0.00013779123666642835,0.0013779123666641609,0.0008030484550501494,0.0006598158659966632
lastfm,kcore10_sizematch_kcore50_seed44,LightGCN,10378,58229,1823066,175.6664097129,31.3085575916,,0.9969831800355001,0.035342030114226375,0.3534203011422638,0.20585483525510095,0.16072761367007862,,0.0,0.00033247296246348407,0.0033247296246347417,0.00017608673075510722,0.0008720098533409928
lastfm,kcore10_sizematch_kcore50_seed44,MultiVAE,10378,58229,1823066,175.6664097129,31.3085575916,,0.9969831800355001,0.02075545171339564,0.20755451713395637,0.11606088126167553,0.08825516068750101,,0.0,0.0006430394179856577,0.006430394179856599,0.004189312695846607,0.0034662798562361493
lastfm,kcore10_sizematch_kcore50_seed44,NeuMF,10378,58229,1823066,175.6664097129,31.3085575916,,0.9969831800355001,0.03576713395638629,0.35767133956386293,0.1993539264989039,0.15105490448169576,,0.0,0.00026500501535856936,0.002650050153585725,0.0007707794923268593,0.0010196550888729161
lastfm,kcore50_plain,BPR,10378,58229,7000365,674.5389285026,120.221281492,,0.9884157562640162,0.03125200745166057,0.31252007451660563,0.17450698023271613,0.13265591080439798,,0.0,0.0002368779349584672,0.0023687793495846534,0.0010926151656645354,0.0009612247203610908
lastfm,kcore50_plain,ItemKNN,10378,58229,7000365,674.5389285026,120.221281492,,0.9884157562640162,0.06546219567032825,0.6546219567032826,0.4681185683612059,0.409905352796565,,0.0,7.847878025869239e-05,0.0007847878025868615,0.0010757002751222542,0.0015381933517268085
lastfm,kcore50_plain,LightGCN,10378,58229,7000365,674.5389285026,120.221281492,,0.9884157562640162,0.03187190852444274,0.3187190852444273,0.18033122444067806,0.13825144969874206,,0.0,0.00017906288770818565,0.0017906288770818126,0.001126444075964521,0.0009021580075891754
lastfm,kcore50_plain,MultiVAE,10378,58229,7000365,674.5389285026,120.221281492,,0.9884157562640162,0.016486798997880133,0.1648679899788013,0.08960919085936665,0.06687364449216444,,0.0,0.0004348924300018011,0.004348924300018026,0.0027128783392212624,0.0022105762153449967
lastfm,kcore50_plain,NeuMF,10378,58229,7000365,674.5389285026,120.221281492,,0.9884157562640162,0.03318879681377273,0.33188796813772725,0.18243440229438482,0.13705632131870327,,0.0,0.0003532968923091709,0.0035329689230916886,0.0006185567255278165,0.0006700845300584234
lastfm,kcore5_sizematch_kcore50_seed42,BPR,10378,58229,1117917,107.7198882251,19.1986295489,,0.9981500646031171,0.03416159398596281,0.3416159398596281,0.19888353872364228,0.15529214047326012,,0.0,0.00012985544553732937,0.0012985544553732475,0.0006418946604563606,0.00062523941666279
lastfm,kcore5_sizematch_kcore50_seed42,ItemKNN,10378,58229,1117917,107.7198882251,19.1986295489,,0.9981500646031171,0.05549013737817251,0.5549013737817251,0.41333596975056675,0.3684765035752961,,0.0,0.00012477130914087441,0.001247713091408821,0.001108071151374285,0.0018893845127836853
lastfm,kcore5_sizematch_kcore50_seed42,LightGCN,10378,58229,1117917,107.7198882251,19.1986295489,,0.9981500646031171,0.0363203938396035,0.363203938396035,0.21354474248894886,0.16772959325099832,,0.0,0.000314986012072246,0.003149860120722491,0.001988952194998983,0.0017776490643131649
lastfm,kcore5_sizematch_kcore50_seed42,MultiVAE,10378,58229,1117917,107.7198882251,19.1986295489,,0.9981500646031171,0.022828726341349834,0.22828726341349834,0.13066789644453133,0.10088787092080176,,0.0,0.0003119681758359017,0.003119681758359004,0.0013935288256486974,0.0008662181166659096
lastfm,kcore5_sizematch_kcore50_seed42,NeuMF,10378,58229,1117917,107.7198882251,19.1986295489,,0.9981500646031171,0.0356917140671257,0.356917140671257,0.1982980198670221,0.1499612190062245,,0.0,0.0009105752348427998,0.009105752348428,0.006575604414683466,0.005837565617608073
lastfm,kcore5_sizematch_kcore50_seed43,BPR,10378,58229,1089784,105.0090576219,18.715485411,,0.9981966192511997,0.03349315752672061,0.3349315752672061,0.19508852878992852,0.15229870158698447,,0.0,0.0009137625912319861,0.009137625912319857,0.00491038156420123,0.003670200531438277
lastfm,kcore5_sizematch_kcore50_seed43,ItemKNN,10378,58229,1089784,105.0090576219,18.715485411,,0.9981966192511997,0.05550561049512203,0.5550561049512203,0.4140513966749559,0.369400379159644,,0.0,0.00023729598511766563,0.002372959851176595,0.001484978066578857,0.0013421362738624063
lastfm,kcore5_sizematch_kcore50_seed43,LightGCN,10378,58229,1089784,105.0090576219,18.715485411,,0.9981966192511997,0.03593047647587654,0.3593047647587653,0.2100528984490461,0.1643879959557714,,0.0,0.00012985715712715735,0.0012985715712715978,9.891505652206184e-05,0.000295060374596267
lastfm,kcore5_sizematch_kcore50_seed43,MultiVAE,10378,58229,1089784,105.0090576219,18.715485411,,0.9981966192511997,0.02218892551526654,0.22188925515266542,0.12648961484195367,0.09744930047846839,,0.0,0.0009946133789728825,0.009946133789728853,0.005994681099567613,0.004796613578501167
lastfm,kcore5_sizematch_kcore50_seed43,NeuMF,10378,58229,1089784,105.0090576219,18.715485411,,0.9981966192511997,0.03541770718875903,0.3541770718875903,0.1950690327382044,0.1466572088163338,,0.0,0.0004966792890211299,0.004966792890211335,0.0017920005967748814,0.0008932633856720722
lastfm,kcore5_sizematch_kcore50_seed44,BPR,10378,58229,1110235,106.9796685296,19.0667021587,,0.9981627768203202,0.03421017669722333,0.34210176697223327,0.1982046780616523,0.15437646694123378,,0.0,0.00019149110276869762,0.0019149110276869459,0.001550668954380545,0.001749711364112864
lastfm,kcore5_sizematch_kcore50_seed44,ItemKNN,10378,58229,1110235,106.9796685296,19.0667021587,,0.9981627768203202,0.05570612461804172,0.5570612461804171,0.41314686478893087,0.36754800443271946,,0.0,8.356413993230552e-05,0.000835641399323003,0.0007981386556130152,0.0009382472198957698
lastfm,kcore5_sizematch_kcore50_seed44,LightGCN,10378,58229,1110235,106.9796685296,19.0667021587,,0.9981627768203202,0.036355785837651124,0.36355785837651117,0.21336793121384226,0.16744324927615084,,0.0,0.0004718342186250544,0.004718342186250542,0.0015454800673024237,0.0008191754057263822
lastfm,kcore5_sizematch_kcore50_seed44,MultiVAE,10378,58229,1110235,106.9796685296,19.0667021587,,0.9981627768203202,0.021406270758602366,0.21406270758602364,0.12246670006816028,0.09459219297302197,,0.0,0.0001589062536721886,0.0015890625367219063,0.002200786565842513,0.0023505056706675954
lastfm,kcore5_sizematch_kcore50_seed44,NeuMF,10378,58229,1110235,106.9796685296,19.0667021587,,0.9981627768203202,0.03635910721402949,0.3635910721402949,0.20192751531682118,0.1526716518944498,,0.0,0.00023304136236600715,0.0023304136236601066,0.0019406667614404207,0.002048812653396273
ml20m,kcore10_sizematch_kcore50_seed42,BPR,55697,7100,2546697,45.724132359,358.6897183099,,0.9935599813578854,0.03594711388829036,0.35947113888290355,0.19615712783100633,0.14665800080716046,,0.0,0.0002375364961373397,0.0023753649613733846,0.0020873450296369006,0.002070626630464491
ml20m,kcore10_sizematch_kcore50_seed42,ItemKNN,55697,7100,2546697,45.724132359,358.6897183099,,0.9935599813578854,0.04082513347219229,0.408251334721923,0.22943827914477088,0.174873876426164,,0.0,5.260598718920534e-05,0.0005260598718920425,0.0001374266864829514,9.605064299717653e-05
ml20m,kcore10_sizematch_kcore50_seed42,LightGCN,55697,7100,2546697,45.724132359,358.6897183099,,0.9935599813578854,0.03769601857837152,0.3769601857837152,0.20296728279869858,0.1501603656657345,,0.0,0.00019665058495028708,0.001966505849502907,0.0008590226774056939,0.0006804637868156126
ml20m,kcore10_sizematch_kcore50_seed42,MultiVAE,55697,7100,2546697,45.724132359,358.6897183099,,0.9935599813578854,0.027704757116521827,0.2770475711652182,0.15316550798176523,0.1155835601097039,,0.0,0.0033564070354590468,0.03356407035459048,0.0177549848093342,0.012925544373753595
ml20m,kcore10_sizematch_kcore50_seed42,NeuMF,55697,7100,2546697,45.724132359,358.6897183099,,0.9935599813578854,0.041057363116186636,0.41057363116186646,0.22103140321977313,0.16346934785310138,,0.0,0.00012104372369794574,0.0012104372369794042,0.0011189480990133986,0.0012433516739789679
ml20m,kcore10_sizematch_kcore50_seed43,BPR,55697,7100,2647566,47.5351634738,372.8966197183,,0.9933049065529865,0.03531851479459925,0.3531851479459925,0.19009130696097729,0.1407084556906806,,0.0,0.0003252164395143235,0.0032521643951432377,0.0018730224129635336,0.0014977916376260002
ml20m,kcore10_sizematch_kcore50_seed43,ItemKNN,55697,7100,2647566,47.5351634738,372.8966197183,,0.9933049065529865,0.04066719333524849,0.4066719333524849,0.22372191471533534,0.16799310153455874,,0.0,8.346480392968396e-05,0.0008346480392968429,0.0005137985643126136,0.0005130158299117343
ml20m,kcore10_sizematch_kcore50_seed43,LightGCN,55697,7100,2647566,47.5351634738,372.8966197183,,0.9933049065529865,0.03605644929617926,0.3605644929617926,0.18999220423520988,0.13837271757948286,,0.0,0.00027969457262914656,0.002796945726291473,0.0014568559789106211,0.0012235015055122131
ml20m,kcore10_sizematch_kcore50_seed43,MultiVAE,55697,7100,2647566,47.5351634738,372.8966197183,,0.9933049065529865,0.027929593986402376,0.2792959398640238,0.15138721082488518,0.11261233981447283,,0.0,0.0007379548877177511,0.007379548877177481,0.0042655366743153044,0.003278943120172831
ml20m,kcore10_sizematch_kcore50_seed43,NeuMF,55697,7100,2647566,47.5351634738,372.8966197183,,0.9933049065529865,0.04082698937087043,0.4082698937087044,0.21912716885477393,0.16171119172636336,,0.0,9.100348964000672e-05,0.0009100348964000029,0.0007747689784231385,0.0009992652454834327
ml20m,kcore10_sizematch_kcore50_seed44,BPR,55697,7100,2560521,45.9723324416,360.6367605634,,0.9935250235997741,0.035527504952746904,0.355275049527469,0.19273475026285433,0.1434674353744075,,0.0,0.00020614014839694236,0.002061401483969432,0.0007787945684216276,0.00046774768502150677
ml20m,kcore10_sizematch_kcore50_seed44,ItemKNN,55697,7100,2560521,45.9723324416,360.6367605634,,0.9935250235997741,0.04086988789734198,0.4086988789734198,0.22943482629252243,0.17472901802844523,,0.0,5.771910749399994e-06,5.771910749398735e-05,0.0005339011957966106,0.0006945979530768032
ml20m,kcore10_sizematch_kcore50_seed44,LightGCN,55697,7100,2560521,45.9723324416,360.6367605634,,0.9935250235997741,0.03709323134565086,0.37093231345650857,0.19910908272759,0.14698465520112766,,0.0,0.00015001596102307818,0.0015001596102307785,0.000691525249795049,0.0004383567068127646
ml20m,kcore10_sizematch_kcore50_seed44,MultiVAE,55697,7100,2560521,45.9723324416,360.6367605634,,0.9935250235997741,0.02929811645987826,0.2929811645987826,0.1609995399284503,0.12092378218192952,,0.0,0.0024829415643382274,0.024829415643382258,0.012682452664377907,0.008994696550682841
ml20m,kcore10_sizematch_kcore50_seed44,NeuMF,55697,7100,2560521,45.9723324416,360.6367605634,,0.9935250235997741,0.04134032403832917,0.41340324038329174,0.22275506439220286,0.1648183109273372,,0.0,8.989153623067165e-05,0.0008989153623067393,0.0013605207648227093,0.001532292413071267
ml20m,kcore50_plain,BPR,55697,7100,7928633,142.3529633553,1116.7088732394,,0.9799502868513666,0.02240994428185839,0.22409944281858388,0.1141219065910547,0.08108141671304858,,0.0,0.00017315729819104413,0.0017315729819104776,0.0005865371327584524,0.00026947329694463636
ml20m,kcore50_plain,ItemKNN,55697,7100,7928633,142.3529633553,1116.7088732394,,0.9799502868513666,0.02158404701629651,0.21584047016296506,0.11106172184046997,0.07956167407304811,,0.0,4.7716990778144886e-05,0.00047716990778144436,7.168363314403408e-05,3.0163228356100308e-05
ml20m,kcore50_plain,LightGCN,55697,7100,7928633,142.3529633553,1116.7088732394,,0.9799502868513666,0.021621152545618857,0.21621152545618852,0.10988515450004398,0.07792848455451468,,0.0,5.851922971755383e-05,0.0005851922971755469,0.0005122878780274211,0.0008102919519176889
ml20m,kcore50_plain,MultiVAE,55697,7100,7928633,142.3529633553,1116.7088732394,,0.9799502868513666,0.01604215666912042,0.1604215666912042,0.08083786338832998,0.056942690576459,,0.0,0.0003576285133367439,0.003576285133367429,0.0022238615214503926,0.001862795829703117
ml20m,kcore50_plain,NeuMF,55697,7100,7928633,142.3529633553,1116.7088732394,,0.9799502868513666,0.02303595047010312,0.23035950470103117,0.11573099349580569,0.08134387706043271,,0.0,0.00012723920979816622,0.001272392097981679,0.0006984387002138703,0.0005273872178238161
ml20m,kcore5_sizematch_kcore50_seed42,BPR,55697,7100,2121615,38.0920875451,298.8190140845,,0.9946349172471676,0.03695722618276086,0.36957226182760855,0.20231581282473843,0.15166080444083252,,0.0,0.00046587400709018463,0.004658740070901843,0.0019161349537112785,0.0010943447785088185
ml20m,kcore5_sizematch_kcore50_seed42,ItemKNN,55697,7100,2121615,38.0920875451,298.8190140845,,0.9946349172471676,0.04339370154340991,0.43393701543409907,0.2441427988017348,0.1860968853668861,,0.0,6.031044098438672e-05,0.0006031044098438675,0.00016312515337429075,0.00036836692700257
ml20m,kcore5_sizematch_kcore50_seed42,LightGCN,55697,7100,2121615,38.0920875451,298.8190140845,,0.9946349172471676,0.039888624852980004,0.3988862485298001,0.2151042983460918,0.15919317169992261,,0.0,0.00016759045027854482,0.0016759045027854174,0.0010520813459260095,0.0014862672889968372
ml20m,kcore5_sizematch_kcore50_seed42,MultiVAE,55697,7100,2121615,38.0920875451,298.8190140845,,0.9946349172471676,0.02913636254530616,0.2913636254530616,0.16038961560482137,0.12077145587037931,,0.0,0.0010190599630173134,0.010190599630173153,0.004927584206918786,0.003366554533779867
ml20m,kcore5_sizematch_kcore50_seed42,NeuMF,55697,7100,2121615,38.0920875451,298.8190140845,,0.9946349172471676,0.04405739180528551,0.4405739180528552,0.23841563853278624,0.17689160487731093,,0.0,0.0009208371106032831,0.009208371106032827,0.006139859173906585,0.005186864088022562
ml20m,kcore5_sizematch_kcore50_seed43,BPR,55697,7100,2185398,39.237265921,307.8025352113,,0.9944736245181739,0.03778949135873541,0.37789491358735416,0.20600292642778809,0.15393088159117377,,0.0,0.000833720943692081,0.008337209436920782,0.004427954246472028,0.0031412912526600925
ml20m,kcore5_sizematch_kcore50_seed43,ItemKNN,55697,7100,2185398,39.237265921,307.8025352113,,0.9944736245181739,0.044102831648256756,0.4410283164825675,0.24969476240708213,0.19123662137910327,,0.0,7.080440634027983e-05,0.0007080440634027717,0.0004951953444107798,0.0004863463762715488
ml20m,kcore5_sizematch_kcore50_seed43,LightGCN,55697,7100,2185398,39.237265921,307.8025352113,,0.9944736245181739,0.03947336859401048,0.3947336859401048,0.2127137717038878,0.15746245581231008,,0.0,0.00036796033296040477,0.003679603329603997,0.0019963078861701656,0.0014813703045491238
ml20m,kcore5_sizematch_kcore50_seed43,MultiVAE,55697,7100,2185398,39.237265921,307.8025352113,,0.9944736245181739,0.027838544477626265,0.2783854447762626,0.15345831270779567,0.11569641741087788,,0.0,0.0009671292093981923,0.009671292093981957,0.005724765019424088,0.00445689489940467
ml20m,kcore5_sizematch_kcore50_seed43,NeuMF,55697,7100,2185398,39.237265921,307.8025352113,,0.9944736245181739,0.04363268928627112,0.43632689286271126,0.23514445362053785,0.17399561230921648,,0.0,0.0005416207870203865,0.005416207870203845,0.0032018711269144705,0.0024977833956064425
ml20m,kcore5_sizematch_kcore50_seed44,BPR,55697,7100,2041792,36.6589223836,287.5763380282,,0.9948367714952661,0.037181983151266064,0.37181983151266057,0.20399925310882425,0.15305804635490614,,0.0,0.0010355325601766234,0.010355325601766186,0.0057455591487104675,0.004348936632442739
ml20m,kcore5_sizematch_kcore50_seed44,ItemKNN,55697,7100,2041792,36.6589223836,287.5763380282,,0.9948367714952661,0.04408611842184326,0.4408611842184327,0.25036087615436226,0.19202616107111906,,0.0,0.00011275308745331249,0.0011275308745331588,0.00016805662710153634,0.00035996091105093
ml20m,kcore5_sizematch_kcore50_seed44,LightGCN,55697,7100,2041792,36.6589223836,287.5763380282,,0.9948367714952661,0.0402867409356936,0.402867409356936,0.221083968149589,0.16564734172622553,,0.0,0.0002901103309789369,0.0029011033097893586,0.001443279637501536,0.001272371448309393
ml20m,kcore5_sizematch_kcore50_seed44,MultiVAE,55697,7100,2041792,36.6589223836,287.5763380282,,0.9948367714952661,0.03032531756618716,0.30325317566187165,0.16627923232024244,0.12467878798457087,,0.0,0.0010070411041480571,0.010070411041480497,0.0059972680484015745,0.004716279016446384
ml20m,kcore5_sizematch_kcore50_seed44,NeuMF,55697,7100,2041792,36.6589223836,287.5763380282,,0.9948367714952661,0.0444911129538162,0.44491112953816203,0.24331961184303555,0.18188446830423252,,0.0,0.0004855346703417626,0.004855346703417618,0.003974247576420091,0.0037221290009269267
online_retail,kcore10_sizematch_kcore50_seed42,BPR,1445,1337,48189,33.3487889273,36.0426327599,,0.9750570015502351,0.015340253748558248,0.1534025374855825,0.08524905059138248,0.0642740887204555,,0.0,0.00027968525151054454,0.0027968525151054508,0.006515329749008732,0.007875703384112653
online_retail,kcore10_sizematch_kcore50_seed42,ItemKNN,1445,1337,48189,33.3487889273,36.0426327599,,0.9750570015502351,0.02346020761245675,0.2346020761245675,0.13373026128705742,0.10292680470881165,,0.0,0.0004209524242420951,0.00420952424242091,0.0007041066631660034,0.0003244630120489348
online_retail,kcore10_sizematch_kcore50_seed42,LightGCN,1445,1337,48189,33.3487889273,36.0426327599,,0.9750570015502351,0.015063437139561708,0.15063437139561706,0.07774240588578467,0.055220061880961534,,0.0,0.00027968525151054644,0.0027968525151054404,0.0038912118310082304,0.005718972653017981
online_retail,kcore10_sizematch_kcore50_seed42,MultiVAE,1445,1337,48189,33.3487889273,36.0426327599,,0.9750570015502351,0.002329873125720877,0.023298731257208768,0.009539586044603464,0.005480859010270775,,0.0,0.000802091748591175,0.008020917485911744,0.0036407579256366447,0.0022055561827333393
online_retail,kcore10_sizematch_kcore50_seed42,NeuMF,1445,1337,48189,33.3487889273,36.0426327599,,0.9750570015502351,0.01737024221453287,0.17370242214532872,0.09836054033897211,0.07523763753867561,,0.0,0.0006228373702422134,0.006228373702422133,0.0023790083519271256,0.0012577912628818477
online_retail,kcore10_sizematch_kcore50_seed43,BPR,1445,1337,46699,32.3176470588,34.928197457,,0.9758282370539839,0.007646107646107646,0.07646107646107646,0.03383111864193446,0.021125612792279463,,0.0,0.0011267034787024453,0.011267034787024437,0.008045669312671264,0.007607682084827408
online_retail,kcore10_sizematch_kcore50_seed43,ItemKNN,1445,1337,46699,32.3176470588,34.928197457,,0.9758282370539839,0.019427119427119426,0.19427119427119424,0.11382201224726363,0.08931312264645598,,0.0,8.00208273305083e-05,0.000800208273305084,0.0011272890289286519,0.0012475248075060818
online_retail,kcore10_sizematch_kcore50_seed43,LightGCN,1445,1337,46699,32.3176470588,34.928197457,,0.9758282370539839,0.006213906213906214,0.06213906213906214,0.02314147853381454,0.011935286935286935,,0.0,0.0019420512411165343,0.019420512411165353,0.007327669752816115,0.0037801740160066555
online_retail,kcore10_sizematch_kcore50_seed43,MultiVAE,1445,1337,46699,32.3176470588,34.928197457,,0.9758282370539839,0.0033264033264033266,0.033264033264033266,0.01447168584983786,0.008854275520942189,,0.0,0.0019066966725152605,0.01906696672515261,0.007797415106307805,0.004365067456989307
online_retail,kcore10_sizematch_kcore50_seed43,NeuMF,1445,1337,46699,32.3176470588,34.928197457,,0.9758282370539839,0.009655809655809656,0.09655809655809655,0.04834434180612929,0.03386729220062553,,0.0,0.00134615867723109,0.013461586772310899,0.0055723744783781354,0.003133776132328887
online_retail,kcore10_sizematch_kcore50_seed44,BPR,1445,1337,47529,32.8920415225,35.5489902767,,0.9753986226458554,0.01771771771771772,0.17717717717717718,0.07362705716969309,0.042742651075984406,,0.0,0.0024268220678337364,0.02426822067833736,0.011448153067371656,0.007794977253598204
online_retail,kcore10_sizematch_kcore50_seed44,ItemKNN,1445,1337,47529,32.8920415225,35.5489902767,,0.9753986226458554,0.021159621159621157,0.2115962115962116,0.11883635270256272,0.09061103227769896,,0.0,0.0001442595980226001,0.0014425959802260128,0.0010903309638403164,0.0016516103812534977
online_retail,kcore10_sizematch_kcore50_seed44,LightGCN,1445,1337,47529,32.8920415225,35.5489902767,,0.9753986226458554,0.013143913143913145,0.13143913143913144,0.049985934785245933,0.026182867849534514,,0.0,0.0010098171861582061,0.010098171861582066,0.0027197274441675178,0.0020499469794410213
online_retail,kcore10_sizematch_kcore50_seed44,MultiVAE,1445,1337,47529,32.8920415225,35.5489902767,,0.9753986226458554,0.003927003927003928,0.03927003927003927,0.021985669457838836,0.01666886666886667,,0.0,0.003693331790048897,0.03693331790048896,0.02435082446822821,0.02031470211818787
online_retail,kcore10_sizematch_kcore50_seed44,NeuMF,1445,1337,47529,32.8920415225,35.5489902767,,0.9753986226458554,0.017024717024717025,0.17024717024717026,0.08170425534259851,0.05505881339214672,,0.0,0.001009817186158207,0.010098171861582073,0.00876908230787361,0.00848371862125328
online_retail,kcore50_plain,BPR,1445,1337,158824,109.9128027682,118.7913238594,,0.9177914713775871,0.01453287197231834,0.1453287197231834,0.0777485816804073,0.057196682594606474,,0.0,0.0006228373702422147,0.00622837370242214,0.005256874605035273,0.005018470207363497
online_retail,kcore50_plain,ItemKNN,1445,1337,158824,109.9128027682,118.7913238594,,0.9177914713775871,0.019930795847750867,0.19930795847750868,0.11418722707087996,0.08827474780761978,,0.0,0.0004209524242420931,0.0042095242424209,0.0011975376670519935,0.0005510222840248228
online_retail,kcore50_plain,LightGCN,1445,1337,158824,109.9128027682,118.7913238594,,0.9177914713775871,0.013748558246828144,0.13748558246828144,0.07192118753785094,0.051971128320609294,,0.0,0.0004710629263359209,0.004710629263359197,0.0030345974027764246,0.0026530801504424826
online_retail,kcore50_plain,MultiVAE,1445,1337,158824,109.9128027682,118.7913238594,,0.9177914713775871,0.002906574394463668,0.02906574394463668,0.01582773633660489,0.01171097197048754,,0.0,0.000907603948000277,0.009076039480002768,0.005325736694561954,0.004111577109062974
online_retail,kcore50_plain,NeuMF,1445,1337,158824,109.9128027682,118.7913238594,,0.9177914713775871,0.012064590542099192,0.12064590542099192,0.06264864343180503,0.04508732904926677,,0.0,0.00027968525151054547,0.0027968525151054542,0.004207199666397745,0.0045604280011163345
online_retail,kcore5_sizematch_kcore50_seed42,BPR,1445,1337,40373,27.9397923875,30.1967090501,,0.9791026234947321,0.00650749063670412,0.0650749063670412,0.033322924029416855,0.023640650080256825,,0.0,0.000283809823337596,0.002838098233375969,0.0007626557084687653,0.0015624769885967606
online_retail,kcore5_sizematch_kcore50_seed42,ItemKNN,1445,1337,40373,27.9397923875,30.1967090501,,0.9791026234947321,0.01715823970037453,0.17158239700374533,0.09761900364873564,0.0750936329588015,,0.0,0.00020272130238399604,0.002027213023839975,0.0007118548942787044,0.0005747644481908338
online_retail,kcore5_sizematch_kcore50_seed42,LightGCN,1445,1337,40373,27.9397923875,30.1967090501,,0.9791026234947321,0.006577715355805244,0.06577715355805243,0.03123731001024913,0.020746574222697815,,0.0,0.0002466211084469273,0.002466211084469271,0.002233247977963415,0.0024149970160324973
online_retail,kcore5_sizematch_kcore50_seed42,MultiVAE,1445,1337,40373,27.9397923875,30.1967090501,,0.9791026234947321,0.0020833333333333333,0.020833333333333332,0.00925837899067881,0.005835525533559242,,0.0,0.0010232908705240821,0.010232908705240823,0.005182458175364878,0.0037146993693758907
online_retail,kcore5_sizematch_kcore50_seed42,NeuMF,1445,1337,40373,27.9397923875,30.1967090501,,0.9791026234947321,0.008450374531835206,0.08450374531835207,0.04276423445477603,0.030254592473693595,,0.0,0.0012210488160809907,0.012210488160809902,0.005462468100877525,0.0034331602081972357
online_retail,kcore5_sizematch_kcore50_seed43,BPR,1445,1337,39423,27.2823529412,29.4861630516,,0.9795943508293371,0.008697696285848613,0.08697696285848612,0.03824460309396694,0.02364730487085917,,0.0,0.0004308956929906751,0.004308956929906755,0.004748847105330294,0.004703308505609886
online_retail,kcore5_sizematch_kcore50_seed43,ItemKNN,1445,1337,39423,27.2823529412,29.4861630516,,0.9795943508293371,0.021156558533145273,0.21156558533145275,0.12503006773574663,0.09855103693256022,,0.0,0.00014104372355430456,0.0014104372355430161,0.0008106902560918733,0.0007811891114848541
online_retail,kcore5_sizematch_kcore50_seed43,LightGCN,1445,1337,39423,27.2823529412,29.4861630516,,0.9795943508293371,0.008580159849553362,0.08580159849553361,0.03619033605114231,0.021234356460026416,,0.0,0.000401004280894029,0.004010042808940286,0.0023215399773346087,0.0019013726573470897
online_retail,kcore5_sizematch_kcore50_seed43,MultiVAE,1445,1337,39423,27.2823529412,29.4861630516,,0.9795943508293371,0.004466384579219559,0.04466384579219559,0.028900072636173574,0.024130230371415137,,0.0,0.0030335332215778786,0.030335332215778783,0.027225649814109094,0.02627652369898817
online_retail,kcore5_sizematch_kcore50_seed43,NeuMF,1445,1337,39423,27.2823529412,29.4861630516,,0.9795943508293371,0.011706629055007052,0.11706629055007052,0.05399019773595685,0.03517968149491422,,0.0,0.00122350857354707,0.012235085735470712,0.006575845261018274,0.004997422168587689
online_retail,kcore5_sizematch_kcore50_seed44,BPR,1445,1337,39391,27.2602076125,29.4622288706,,0.9796109142763973,0.004617196702002356,0.046171967020023554,0.019974073587422345,0.012174640566866715,,0.0,0.000755666192336652,0.0075566619233665205,0.0037198637697450935,0.002693902772294941
online_retail,kcore5_sizematch_kcore50_seed44,ItemKNN,1445,1337,39391,27.2602076125,29.4622288706,,0.9796109142763973,0.02063604240282686,0.20636042402826857,0.121545943175854,0.09558229102398713,,0.0,7.06713780918738e-05,0.0007067137809187163,0.0003725103009643539,0.0003562033004393196
online_retail,kcore5_sizematch_kcore50_seed44,LightGCN,1445,1337,39391,27.2602076125,29.4622288706,,0.9796109142763973,0.003957597173144876,0.039575971731448764,0.01812444401605849,0.011663114401630302,,0.0,0.00046342321726515896,0.004634232172651591,0.0025371454676445964,0.0018189205944129554
online_retail,kcore5_sizematch_kcore50_seed44,MultiVAE,1445,1337,39391,27.2602076125,29.4622288706,,0.9796109142763973,0.0020494699646643106,0.02049469964664311,0.008805167030104087,0.005295585843289023,,0.0,0.0007172361530100507,0.007172361530100507,0.002468249585441471,0.0010977238017450465
online_retail,kcore5_sizematch_kcore50_seed44,NeuMF,1445,1337,39391,27.2602076125,29.4622288706,,0.9796109142763973,0.008504122497055358,0.0850412249705536,0.04028951315104056,0.026865219586067645,,0.0,0.0006412559523588315,0.0064125595235883185,0.0038066788494964744,0.002993822275210794
steam,kcore10_sizematch_kcore50_seed42,BPR,5105,2237,33661,6.5937316357,15.0473848905,,0.9970524221566154,0.012119920431940892,0.12119920431940893,0.060185893376701,0.041927833935506566,,0.0,0.0009933567099180676,0.009933567099180687,0.003759688140779471,0.0018855086132732925
steam,kcore10_sizematch_kcore50_seed42,ItemKNN,5105,2237,33661,6.5937316357,15.0473848905,,0.9970524221566154,0.007956805910770108,0.07956805910770105,0.0406347783935726,0.028965209272114642,,0.0,0.00012846789798256008,0.0012846789798255957,0.0006252173622132989,0.0007633825910621867
steam,kcore10_sizematch_kcore50_seed42,LightGCN,5105,2237,33661,6.5937316357,15.0473848905,,0.9970524221566154,0.01222648479681728,0.12226484796817277,0.06514339082150038,0.04789899051408003,,0.0,0.0005308288958005879,0.005308288958005865,0.001913421874522526,0.0010958783725393284
steam,kcore10_sizematch_kcore50_seed42,MultiVAE,5105,2237,33661,6.5937316357,15.0473848905,,0.9970524221566154,0.012816140949133276,0.12816140949133276,0.06285800400561543,0.04335782622227635,,0.0,0.00035171622036051637,0.003517162203605163,0.0035986095701704595,0.004040228335062675
steam,kcore10_sizematch_kcore50_seed42,NeuMF,5105,2237,33661,6.5937316357,15.0473848905,,0.9970524221566154,0.013114521170787157,0.13114521170787155,0.06806168020245983,0.04909936196700903,,0.0,0.00012846789798255908,0.0012846789798255879,0.0009446479569737321,0.0010837902852718
steam,kcore10_sizematch_kcore50_seed43,BPR,5105,2237,35935,7.0391772772,16.0639248994,,0.9968532958081452,0.016029143897996357,0.16029143897996356,0.08682079920941149,0.06448045730832616,,0.0,0.0005764753139181923,0.005764753139181937,0.006604407960766139,0.006809185447290304
steam,kcore10_sizematch_kcore50_seed43,ItemKNN,5105,2237,35935,7.0391772772,16.0639248994,,0.9968532958081452,0.011685582177385459,0.11685582177385456,0.06656802194568974,0.051157449108268783,,0.0,9.161199965407112e-05,0.0009161199965407105,0.0008991482474494681,0.0009310583396996781
steam,kcore10_sizematch_kcore50_seed43,LightGCN,5105,2237,35935,7.0391772772,16.0639248994,,0.9968532958081452,0.015531736023539302,0.15531736023539303,0.0855324384409925,0.06451050972908896,,0.0,0.0003235562067747107,0.003235562067747096,0.0017627732611957367,0.0013360868373632658
steam,kcore10_sizematch_kcore50_seed43,MultiVAE,5105,2237,35935,7.0391772772,16.0639248994,,0.9968532958081452,0.01483116155247303,0.14831161552473027,0.07491340208061403,0.05286901926246188,,0.0,0.00012668587165493483,0.0012668587165493373,0.005611082334634921,0.006826996877495229
steam,kcore10_sizematch_kcore50_seed43,NeuMF,5105,2237,35935,7.0391772772,16.0639248994,,0.9968532958081452,0.01616225304749895,0.1616225304749895,0.08877432286826392,0.06676416328055672,,0.0,0.00025826409683574024,0.0025826409683574205,0.001724590346609544,0.001753275449078961
steam,kcore10_sizematch_kcore50_seed44,BPR,5105,2237,32631,6.3919686582,14.5869468038,,0.9971426157093526,0.013240343347639483,0.13240343347639486,0.06784966279873177,0.04835652405931376,,0.0,0.0006823224504542761,0.006823224504542773,0.004995214317108457,0.004252487756542021
steam,kcore10_sizematch_kcore50_seed44,ItemKNN,5105,2237,32631,6.3919686582,14.5869468038,,0.9971426157093526,0.009298998569384835,0.09298998569384835,0.05157736728536575,0.03900132275132275,,0.0,0.000142882577649772,0.001428825776497728,0.0003886710567225257,0.0005846922886803986
steam,kcore10_sizematch_kcore50_seed44,LightGCN,5105,2237,32631,6.3919686582,14.5869468038,,0.9971426157093526,0.014570815450643778,0.1457081545064378,0.07880997717773223,0.05851491359538571,,0.0,0.00017032733762218475,0.0017032733762218349,0.0003207196058331592,0.0006324491045951963
steam,kcore10_sizematch_kcore50_seed44,MultiVAE,5105,2237,32631,6.3919686582,14.5869468038,,0.9971426157093526,0.01463519313304721,0.14635193133047208,0.07082551084850776,0.0483230294979222,,0.0,0.00022301083359255853,0.002230108335925589,0.0024840610070990202,0.003812513687071935
steam,kcore10_sizematch_kcore50_seed44,NeuMF,5105,2237,32631,6.3919686582,14.5869468038,,0.9971426157093526,0.015107296137339058,0.15107296137339055,0.08145065434132827,0.0603116981174921,,0.0,0.00019667706845304136,0.0019667706845304116,0.0010716606114824728,0.0018848195674858314
steam,kcore50_plain,BPR,5105,2237,474181,92.8856023506,211.9718372821,,0.9584776028830412,0.01238001958863859,0.1238001958863859,0.07191056135136321,0.056066933030694044,,0.0,7.835455435847285e-05,0.0007835455435847155,0.0018687966830290704,0.002426079180512972
steam,kcore50_plain,ItemKNN,5105,2237,474181,92.8856023506,211.9718372821,,0.9584776028830412,0.013999347045380348,0.13999347045380348,0.07985720549774393,0.06153978100109344,,0.0,0.0001971879708852951,0.001971879708852943,0.0013132960900180143,0.001310613259188524
steam,kcore50_plain,LightGCN,5105,2237,474181,92.8856023506,211.9718372821,,0.9584776028830412,0.01229513548808358,0.12295135488083579,0.0718842723727373,0.05628712383854401,,0.0,7.416138877963125e-05,0.000741613887796316,0.001214048724648315,0.0013762698046043426
steam,kcore50_plain,MultiVAE,5105,2237,474181,92.8856023506,211.9718372821,,0.9584776028830412,0.011668299053215802,0.11668299053215803,0.0654416719093744,0.049928019526452434,,0.0,0.0003728708203792163,0.003728708203792161,0.004043954944471454,0.00513004771556253
steam,kcore50_plain,NeuMF,5105,2237,474181,92.8856023506,211.9718372821,,0.9584776028830412,0.01168788769180542,0.1168788769180542,0.06813901720630322,0.053293197352942696,,0.0,0.0006562437562782755,0.00656243756278276,0.0027447088010144095,0.0015681483931523816
steam,kcore5_sizematch_kcore50_seed42,BPR,5105,2237,22292,4.3666993144,9.965131873,,0.9980479663324106,0.009915449654112223,0.09915449654112223,0.047900554873802494,0.032661316013865335,,0.0,0.0007561544741672407,0.007561544741672409,0.004633836471853398,0.003676292407205623
steam,kcore5_sizematch_kcore50_seed42,ItemKNN,5105,2237,22292,4.3666993144,9.965131873,,0.9980479663324106,0.004876590656759758,0.04876590656759758,0.026511383389514514,0.01976820164111991,,0.0,0.00010667004865314516,0.001066700486531452,0.00018721158129377452,0.0001253127558532722
steam,kcore5_sizematch_kcore50_seed42,LightGCN,5105,2237,22292,4.3666993144,9.965131873,,0.9980479663324106,0.01421129046032966,0.14211290460329662,0.074239833925886,0.05373728931889321,,0.0,0.00029695684773616395,0.002969568477361636,0.0028589901853165434,0.0028260581027274145
steam,kcore5_sizematch_kcore50_seed42,MultiVAE,5105,2237,22292,4.3666993144,9.965131873,,0.9980479663324106,0.013510974464087453,0.13510974464087452,0.06993181869863314,0.050312742741643594,,0.0,0.0011413235081376943,0.011413235081376935,0.007101310099788904,0.006826386551615835
steam,kcore5_sizematch_kcore50_seed42,NeuMF,5105,2237,22292,4.3666993144,9.965131873,,0.9980479663324106,0.014954308651464687,0.14954308651464684,0.07854537210631642,0.0570689755675664,,0.0,0.0002691254805122353,0.002691254805122349,0.0009786859465238892,0.0006643757763767901
steam,kcore5_sizematch_kcore50_seed43,BPR,5105,2237,22286,4.3655239961,9.9624497094,,0.9980484917317468,0.010562856434416068,0.10562856434416068,0.05104510976198969,0.03478235771813753,,0.0,0.0009422266303000237,0.009422266303000248,0.004958451371656971,0.0036249845013155498
steam,kcore5_sizematch_kcore50_seed43,ItemKNN,5105,2237,22286,4.3655239961,9.9624497094,,0.9980484917317468,0.0046615422762211756,0.046615422762211756,0.025860252917002027,0.01951669887449704,,0.0,7.438631291842301e-05,0.0007438631291842301,0.0005354203734237632,0.0005368548651081415
steam,kcore5_sizematch_kcore50_seed43,LightGCN,5105,2237,22286,4.3655239961,9.9624497094,,0.9980484917317468,0.013720142160509133,0.13720142160509133,0.068217602540928,0.04746853668872018,,0.0,0.0002496019319041491,0.0024960193190414906,0.0019093189001247505,0.002032673956925322
steam,kcore5_sizematch_kcore50_seed43,MultiVAE,5105,2237,22286,4.3655239961,9.9624497094,,0.9980484917317468,0.01348871807587404,0.1348871807587404,0.06204095565340408,0.04041105325508995,,0.0,0.0012149764443342426,0.012149764443342426,0.008874353772115045,0.007784519503163348
steam,kcore5_sizematch_kcore50_seed43,NeuMF,5105,2237,22286,4.3655239961,9.9624497094,,0.9980484917317468,0.013935035953384578,0.13935035953384578,0.07072272983481177,0.05004217848254545,,0.0,0.0002682036654200839,0.002682036654200835,0.0019998791333146974,0.0017905015022944284
steam,kcore5_sizematch_kcore50_seed44,BPR,5105,2237,23305,4.5651322233,10.4179704962,,0.9979592614111263,0.013288679401306541,0.1328867940130654,0.06780063072479457,0.048197533926881475,,0.0,0.0003303561457940659,0.0033035614579406537,0.004643413980125908,0.004964268676673954
steam,kcore5_sizematch_kcore50_seed44,ItemKNN,5105,2237,23305,4.5651322233,10.4179704962,,0.9979592614111263,0.006565781857272804,0.06565781857272802,0.038140676515150546,0.029721542962674197,,0.0,0.00010025928762905916,0.0010025928762905892,0.0004259677212038269,0.0006353287093696096
steam,kcore5_sizematch_kcore50_seed44,LightGCN,5105,2237,23305,4.5651322233,10.4179704962,,0.9979592614111263,0.015620606962705697,0.15620606962705696,0.08545603700956783,0.06403159902291632,,0.0,0.00023050293334600744,0.002305029333460071,0.0018068821943303228,0.002064676520101309
steam,kcore5_sizematch_kcore50_seed44,MultiVAE,5105,2237,23305,4.5651322233,10.4179704962,,0.9979592614111263,0.014198296535185645,0.14198296535185645,0.07263790873940663,0.051891458918251275,,0.0,0.0014348513174063662,0.014348513174063658,0.009372759735520885,0.008796097682094398
steam,kcore5_sizematch_kcore50_seed44,NeuMF,5105,2237,23305,4.5651322233,10.4179704962,,0.9979592614111263,0.015860415116182917,0.15860415116182916,0.08631902266520071,0.06446553758635128,,0.0,0.00014106278102399722,0.0014106278102399789,0.001655946519699922,0.0018441014169146878
