Dataset,Run_ID,Variant,Variant_Raw,Taildrop_Pct,Model,N_Seeds,Seeds,Number_Users,Number_Items,Number_Interactions,Density,Sparsity,Avg_User_Degree,Avg_Item_Degree,Precision@10_mean,Precision@10_sd,Precision@10_text,Recall@10_mean,Recall@10_sd,Recall@10_text,NDCG@10_mean,NDCG@10_sd,NDCG@10_text,MRR@10_mean,MRR@10_sd,MRR@10_text,Coverage@10_mean,Coverage@10_sd,Coverage@10_text,CatalogItems_mean,CatalogItems_sd,CatalogItems_text,UniqueRecItems@10_mean,UniqueRecItems@10_sd,UniqueRecItems@10_text,ItemCV@10_mean,ItemCV@10_sd,ItemCV@10_text,UserCoverage@10_mean,UserCoverage@10_sd,UserCoverage@10_text,EEL@10_mean,EEL@10_sd,EEL@10_text,RecGini_mean,RecGini_sd,RecGini_text,RecEntropy_mean,RecEntropy_sd,RecEntropy_text,1-Gini@10_mean,1-Gini@10_sd,1-Gini@10_text,ARP@10_mean,ARP@10_sd,ARP@10_text,APLT@10_mean,APLT@10_sd,APLT@10_text,LTShare@10_mean,LTShare@10_sd,LTShare@10_text,EPC@10_mean,EPC@10_sd,EPC@10_text,EFD@10_mean,EFD@10_sd,EFD@10_text,EPC_rel@10_mean,EPC_rel@10_sd,EPC_rel@10_text,EFD_rel@10_mean,EFD_rel@10_sd,EFD_rel@10_text,ILS_mean,ILS_sd,ILS_text,Diversity_mean,Diversity_sd,Diversity_text
MovieLens 20M,ml20m_aggtail_20260512_144923,TD40,aggtail_td40,0.40,BPR,3,"42,43,44",20000,11987,1460065,0.0060902,0.9939098,73.00325,121.8040377075,0.0322026549,0.0002402136,0.0322 ± 0.0002,0.3220265493,0.0024021356,0.3220 ± 0.0024,0.1740903412,0.0015316696,0.1741 ± 0.0015,0.1293264782,0.0013790995,0.1293 ± 0.0014,0.1769241475,0.0034956894,0.1769 ± 0.0035,11975,0,11975.0000 ± 0.0000,2118.6666666667,41.8608807042,2118.6667 ± 41.8609,6.113922446,0.0354157842,6.1139 ± 0.0354,0.3220265493,0.0024021356,0.3220 ± 0.0024,0,0,0.0000 ± 0.0000,0,0,0.0000 ± 0.0000,0,0,0.0000 ± 0.0000,0,0,0.0000 ± 0.0000,0,0,0.0000 ± 0.0000,0,0,0.0000 ± 0.0000,0,0,0.0000 ± 0.0000,0,0,0.0000 ± 0.0000,0,0,0.0000 ± 0.0000,0,0,0.0000 ± 0.0000,0,0,0.0000 ± 0.0000,0,0,0.0000 ± 0.0000,0,0,0.0000 ± 0.0000
MovieLens 20M,ml20m_aggtail_20260512_144923,TD40,aggtail_td40,0.40,ItemKNN,3,"42,43,44",20000,11987,1460065,0.0060902,0.9939098,73.00325,121.8040377075,0.0420335535,0.0001353895,0.0420 ± 0.0001,0.4203355347,0.0013538952,0.4203 ± 0.0014,0.2363433265,0.0005455061,0.2363 ± 0.0005,0.1801802709,0.0007270722,0.1802 ± 0.0007,0.3144050104,0.0017356668,0.3144 ± 0.0017,11975,0,11975.0000 ± 0.0000,3765,20.7846096908,3765.0000 ± 20.7846,4.485802699,0.0031523851,4.4858 ± 0.0032,0.4203355347,0.0013538952,0.4203 ± 0.0014,0,0,0.0000 ± 0.0000,0,0,0.0000 ± 0.0000,0,0,0.0000 ± 0.0000,0,0,0.0000 ± 0.0000,0,0,0.0000 ± 0.0000,0,0,0.0000 ± 0.0000,0,0,0.0000 ± 0.0000,0,0,0.0000 ± 0.0000,0,0,0.0000 ± 0.0000,0,0,0.0000 ± 0.0000,0,0,0.0000 ± 0.0000,0,0,0.0000 ± 0.0000,0,0,0.0000 ± 0.0000
MovieLens 20M,ml20m_aggtail_20260512_144923,TD40,aggtail_td40,0.40,LightGCN,3,"42,43,44",20000,11987,1460065,0.0060902,0.9939098,73.00325,121.8040377075,0.0346424521,0.0003456902,0.0346 ± 0.0003,0.3464245214,0.0034569017,0.3464 ± 0.0035,0.1850803328,0.0012705419,0.1851 ± 0.0013,0.1361725898,0.0011257153,0.1362 ± 0.0011,0.1492553932,0.001121405,0.1493 ± 0.0011,11975,0,11975.0000 ± 0.0000,1787.3333333333,13.428824719,1787.3333 ± 13.4288,5.5957960387,0.0207738395,5.5958 ± 0.0208,0.3464245214,0.0034569017,0.3464 ± 0.0035,0,0,0.0000 ± 0.0000,0,0,0.0000 ± 0.0000,0,0,0.0000 ± 0.0000,0,0,0.0000 ± 0.0000,0,0,0.0000 ± 0.0000,0,0,0.0000 ± 0.0000,0,0,0.0000 ± 0.0000,0,0,0.0000 ± 0.0000,0,0,0.0000 ± 0.0000,0,0,0.0000 ± 0.0000,0,0,0.0000 ± 0.0000,0,0,0.0000 ± 0.0000,0,0,0.0000 ± 0.0000
MovieLens 20M,ml20m_aggtail_20260512_144923,TD40,aggtail_td40,0.40,NeuMF,3,"42,43,44",20000,11987,1460065,0.0060902,0.9939098,73.00325,121.8040377075,0.040637716,0.0003212976,0.0406 ± 0.0003,0.4063771596,0.0032129764,0.4064 ± 0.0032,0.2163076833,0.0023989305,0.2163 ± 0.0024,0.1586336921,0.0021618402,0.1586 ± 0.0022,0.4320389701,0.0059976232,0.4320 ± 0.0060,11975,0,11975.0000 ± 0.0000,5173.6666666667,71.8215380881,5173.6667 ± 71.8215,3.6308952137,0.0784427054,3.6309 ± 0.0784,0.4063771596,0.0032129764,0.4064 ± 0.0032,0,0,0.0000 ± 0.0000,0,0,0.0000 ± 0.0000,0,0,0.0000 ± 0.0000,0,0,0.0000 ± 0.0000,0,0,0.0000 ± 0.0000,0,0,0.0000 ± 0.0000,0,0,0.0000 ± 0.0000,0,0,0.0000 ± 0.0000,0,0,0.0000 ± 0.0000,0,0,0.0000 ± 0.0000,0,0,0.0000 ± 0.0000,0,0,0.0000 ± 0.0000,0,0,0.0000 ± 0.0000
MovieLens 20M,ml20m_aggtail_20260512_144923,TD40,aggtail_td40,0.40,MultiVAE,3,"42,43,44",20000,11987,1460065,0.0060902,0.9939098,73.00325,121.8040377075,0.0238559803,0.0000152844,0.0239 ± 0.0000,0.2385598025,0.0001528442,0.2386 ± 0.0002,0.1314660864,0.0003954698,0.1315 ± 0.0004,0.0990648622,0.0004866015,0.0991 ± 0.0005,0.0372164231,0.0016874538,0.0372 ± 0.0017,11975,0,11975.0000 ± 0.0000,445.6666666667,20.2072594216,445.6667 ± 20.2073,8.3215353474,0.0089138529,8.3215 ± 0.0089,0.2385598025,0.0001528442,0.2386 ± 0.0002,0,0,0.0000 ± 0.0000,0,0,0.0000 ± 0.0000,0,0,0.0000 ± 0.0000,0,0,0.0000 ± 0.0000,0,0,0.0000 ± 0.0000,0,0,0.0000 ± 0.0000,0,0,0.0000 ± 0.0000,0,0,0.0000 ± 0.0000,0,0,0.0000 ± 0.0000,0,0,0.0000 ± 0.0000,0,0,0.0000 ± 0.0000,0,0,0.0000 ± 0.0000,0,0,0.0000 ± 0.0000
MovieLens 20M,ml20m_aggtail_20260512_144923,TD60,aggtail_td60,0.60,BPR,3,"42,43,44",20000,8288,1449417,0.00874407,0.99125593,72.47085,174.8813947876,0.0275033333,0.0000375278,0.0275 ± 0.0000,0.2750333333,0.0003752777,0.2750 ± 0.0004,0.1467068748,0.0006088607,0.1467 ± 0.0006,0.1079226786,0.0006697803,0.1079 ± 0.0007,0.2473857786,0.0006860812,0.2474 ± 0.0007,8288,0,8288.0000 ± 0.0000,2050.3333333333,5.6862407031,2050.3333 ± 5.6862,5.5024685509,0.0077554182,5.5025 ± 0.0078,0.2750333333,0.0003752777,0.2750 ± 0.0004,0,0,0.0000 ± 0.0000,0,0,0.0000 ± 0.0000,0,0,0.0000 ± 0.0000,0,0,0.0000 ± 0.0000,0,0,0.0000 ± 0.0000,0,0,0.0000 ± 0.0000,0,0,0.0000 ± 0.0000,0,0,0.0000 ± 0.0000,0,0,0.0000 ± 0.0000,0,0,0.0000 ± 0.0000,0,0,0.0000 ± 0.0000,0,0,0.0000 ± 0.0000,0,0,0.0000 ± 0.0000
MovieLens 20M,ml20m_aggtail_20260512_144923,TD60,aggtail_td60,0.60,ItemKNN,3,"42,43,44",20000,8288,1449417,0.00874407,0.99125593,72.47085,174.8813947876,0.0354116667,0.000105633,0.0354 ± 0.0001,0.3541166667,0.0010563301,0.3541 ± 0.0011,0.1934375275,0.0003693529,0.1934 ± 0.0004,0.1446095767,0.0002209691,0.1446 ± 0.0002,0.4239060489,0.0047813021,0.4239 ± 0.0048,8288,0,8288.0000 ± 0.0000,3513.3333333333,39.6274315763,3513.3333 ± 39.6274,4.1156766384,0.002947677,4.1157 ± 0.0029,0.3541166667,0.0010563301,0.3541 ± 0.0011,0,0,0.0000 ± 0.0000,0,0,0.0000 ± 0.0000,0,0,0.0000 ± 0.0000,0,0,0.0000 ± 0.0000,0,0,0.0000 ± 0.0000,0,0,0.0000 ± 0.0000,0,0,0.0000 ± 0.0000,0,0,0.0000 ± 0.0000,0,0,0.0000 ± 0.0000,0,0,0.0000 ± 0.0000,0,0,0.0000 ± 0.0000,0,0,0.0000 ± 0.0000,0,0,0.0000 ± 0.0000
MovieLens 20M,ml20m_aggtail_20260512_144923,TD60,aggtail_td60,0.60,LightGCN,3,"42,43,44",20000,8288,1449417,0.00874407,0.99125593,72.47085,174.8813947876,0.02894,0.0001275735,0.0289 ± 0.0001,0.2894,0.0012757351,0.2894 ± 0.0013,0.1511023183,0.0001876213,0.1511 ± 0.0002,0.1093292923,0.0001524009,0.1093 ± 0.0002,0.2018581081,0.000208983,0.2019 ± 0.0002,8288,0,8288.0000 ± 0.0000,1673,1.7320508076,1673.0000 ± 1.7321,5.1762762104,0.0255986205,5.1763 ± 0.0256,0.2894,0.0012757351,0.2894 ± 0.0013,0,0,0.0000 ± 0.0000,0,0,0.0000 ± 0.0000,0,0,0.0000 ± 0.0000,0,0,0.0000 ± 0.0000,0,0,0.0000 ± 0.0000,0,0,0.0000 ± 0.0000,0,0,0.0000 ± 0.0000,0,0,0.0000 ± 0.0000,0,0,0.0000 ± 0.0000,0,0,0.0000 ± 0.0000,0,0,0.0000 ± 0.0000,0,0,0.0000 ± 0.0000,0,0,0.0000 ± 0.0000
MovieLens 20M,ml20m_aggtail_20260512_144923,TD60,aggtail_td60,0.60,NeuMF,3,"42,43,44",20000,8288,1449417,0.00874407,0.99125593,72.47085,174.8813947876,0.034145,0.0003690867,0.0341 ± 0.0004,0.34145,0.0036908671,0.3415 ± 0.0037,0.1771022337,0.0035010296,0.1771 ± 0.0035,0.1274591005,0.0033819818,0.1275 ± 0.0034,0.5820865508,0.0115504977,0.5821 ± 0.0116,8288,0,8288.0000 ± 0.0000,4824.3333333333,95.7305245642,4824.3333 ± 95.7305,3.2248351844,0.1225343109,3.2248 ± 0.1225,0.34145,0.0036908671,0.3415 ± 0.0037,0,0,0.0000 ± 0.0000,0,0,0.0000 ± 0.0000,0,0,0.0000 ± 0.0000,0,0,0.0000 ± 0.0000,0,0,0.0000 ± 0.0000,0,0,0.0000 ± 0.0000,0,0,0.0000 ± 0.0000,0,0,0.0000 ± 0.0000,0,0,0.0000 ± 0.0000,0,0,0.0000 ± 0.0000,0,0,0.0000 ± 0.0000,0,0,0.0000 ± 0.0000,0,0,0.0000 ± 0.0000
MovieLens 20M,ml20m_aggtail_20260512_144923,TD60,aggtail_td60,0.60,MultiVAE,3,"42,43,44",20000,8288,1449417,0.00874407,0.99125593,72.47085,174.8813947876,0.019045,0.000043589,0.0190 ± 0.0000,0.19045,0.0004358899,0.1905 ± 0.0004,0.1047315884,0.0006231025,0.1047 ± 0.0006,0.0787845238,0.0008531514,0.0788 ± 0.0009,0.0456885457,0.0016470073,0.0457 ± 0.0016,8288,0,8288.0000 ± 0.0000,378.6666666667,13.6503968196,378.6667 ± 13.6504,8.1714760772,0.0115374073,8.1715 ± 0.0115,0.19045,0.0004358899,0.1905 ± 0.0004,0,0,0.0000 ± 0.0000,0,0,0.0000 ± 0.0000,0,0,0.0000 ± 0.0000,0,0,0.0000 ± 0.0000,0,0,0.0000 ± 0.0000,0,0,0.0000 ± 0.0000,0,0,0.0000 ± 0.0000,0,0,0.0000 ± 0.0000,0,0,0.0000 ± 0.0000,0,0,0.0000 ± 0.0000,0,0,0.0000 ± 0.0000,0,0,0.0000 ± 0.0000,0,0,0.0000 ± 0.0000
MovieLens 20M,ml20m_aggtail_20260512_144923,TD80,aggtail_td80,0.80,BPR,3,"42,43,44",20000,4144,1390956,0.01678277,0.98321723,69.5478,335.6554054054,0.0205716667,0.0000757188,0.0206 ± 0.0001,0.2057166667,0.0007571878,0.2057 ± 0.0008,0.1061184607,0.0001517721,0.1061 ± 0.0002,0.0761390476,0.000409079,0.0761 ± 0.0004,0.4826254826,0.001276907,0.4826 ± 0.0013,4144,0,4144.0000 ± 0.0000,2000,5.2915026221,2000.0000 ± 5.2915,4.4158503817,0.0238942244,4.4159 ± 0.0239,0.2057166667,0.0007571878,0.2057 ± 0.0008,0,0,0.0000 ± 0.0000,0,0,0.0000 ± 0.0000,0,0,0.0000 ± 0.0000,0,0,0.0000 ± 0.0000,0,0,0.0000 ± 0.0000,0,0,0.0000 ± 0.0000,0,0,0.0000 ± 0.0000,0,0,0.0000 ± 0.0000,0,0,0.0000 ± 0.0000,0,0,0.0000 ± 0.0000,0,0,0.0000 ± 0.0000,0,0,0.0000 ± 0.0000,0,0,0.0000 ± 0.0000
MovieLens 20M,ml20m_aggtail_20260512_144923,TD80,aggtail_td80,0.80,ItemKNN,3,"42,43,44",20000,4144,1390956,0.01678277,0.98321723,69.5478,335.6554054054,0.024505,0.00013,0.0245 ± 0.0001,0.24505,0.0013,0.2450 ± 0.0013,0.1292346921,0.0003418184,0.1292 ± 0.0003,0.0942215873,0.0004195203,0.0942 ± 0.0004,0.7011743887,0.0032940147,0.7012 ± 0.0033,4144,0,4144.0000 ± 0.0000,2905.6666666667,13.6503968196,2905.6667 ± 13.6504,3.4563645142,0.0062057696,3.4564 ± 0.0062,0.24505,0.0013,0.2450 ± 0.0013,0,0,0.0000 ± 0.0000,0,0,0.0000 ± 0.0000,0,0,0.0000 ± 0.0000,0,0,0.0000 ± 0.0000,0,0,0.0000 ± 0.0000,0,0,0.0000 ± 0.0000,0,0,0.0000 ± 0.0000,0,0,0.0000 ± 0.0000,0,0,0.0000 ± 0.0000,0,0,0.0000 ± 0.0000,0,0,0.0000 ± 0.0000,0,0,0.0000 ± 0.0000,0,0,0.0000 ± 0.0000
MovieLens 20M,ml20m_aggtail_20260512_144923,TD80,aggtail_td80,0.80,LightGCN,3,"42,43,44",20000,4144,1390956,0.01678277,0.98321723,69.5478,335.6554054054,0.02056,0.0004080747,0.0206 ± 0.0004,0.2056,0.0040807475,0.2056 ± 0.0041,0.1036392252,0.0018162648,0.1036 ± 0.0018,0.0730052183,0.0011296015,0.0730 ± 0.0011,0.3833655084,0.0054886493,0.3834 ± 0.0055,4144,0,4144.0000 ± 0.0000,1588.6666666667,22.7449628123,1588.6667 ± 22.7450,4.2801634729,0.0046238029,4.2802 ± 0.0046,0.2056,0.0040807475,0.2056 ± 0.0041,0,0,0.0000 ± 0.0000,0,0,0.0000 ± 0.0000,0,0,0.0000 ± 0.0000,0,0,0.0000 ± 0.0000,0,0,0.0000 ± 0.0000,0,0,0.0000 ± 0.0000,0,0,0.0000 ± 0.0000,0,0,0.0000 ± 0.0000,0,0,0.0000 ± 0.0000,0,0,0.0000 ± 0.0000,0,0,0.0000 ± 0.0000,0,0,0.0000 ± 0.0000,0,0,0.0000 ± 0.0000
MovieLens 20M,ml20m_aggtail_20260512_144923,TD80,aggtail_td80,0.80,NeuMF,3,"42,43,44",20000,4144,1390956,0.01678277,0.98321723,69.5478,335.6554054054,0.0236183333,0.0002371884,0.0236 ± 0.0002,0.2361833333,0.0023718839,0.2362 ± 0.0024,0.1187516299,0.0006233254,0.1188 ± 0.0006,0.0834880357,0.0001757345,0.0835 ± 0.0002,0.836470399,0.0188074347,0.8365 ± 0.0188,4144,0,4144.0000 ± 0.0000,3466.3333333333,77.9380095546,3466.3333 ± 77.9380,2.4750756676,0.1584153094,2.4751 ± 0.1584,0.2361833333,0.0023718839,0.2362 ± 0.0024,0,0,0.0000 ± 0.0000,0,0,0.0000 ± 0.0000,0,0,0.0000 ± 0.0000,0,0,0.0000 ± 0.0000,0,0,0.0000 ± 0.0000,0,0,0.0000 ± 0.0000,0,0,0.0000 ± 0.0000,0,0,0.0000 ± 0.0000,0,0,0.0000 ± 0.0000,0,0,0.0000 ± 0.0000,0,0,0.0000 ± 0.0000,0,0,0.0000 ± 0.0000,0,0,0.0000 ± 0.0000
MovieLens 20M,ml20m_aggtail_20260512_144923,TD80,aggtail_td80,0.80,MultiVAE,3,"42,43,44",20000,4144,1390956,0.01678277,0.98321723,69.5478,335.6554054054,0.0130416667,0.0000665833,0.0130 ± 0.0001,0.1304166667,0.0006658328,0.1304 ± 0.0007,0.0701078161,0.0004548243,0.0701 ± 0.0005,0.0518672553,0.0005228238,0.0519 ± 0.0005,0.0764157014,0.0009752538,0.0764 ± 0.0010,4144,0,4144.0000 ± 0.0000,316.6666666667,4.0414518843,316.6667 ± 4.0415,7.8888952487,0.0096806554,7.8889 ± 0.0097,0.1304166667,0.0006658328,0.1304 ± 0.0007,0,0,0.0000 ± 0.0000,0,0,0.0000 ± 0.0000,0,0,0.0000 ± 0.0000,0,0,0.0000 ± 0.0000,0,0,0.0000 ± 0.0000,0,0,0.0000 ± 0.0000,0,0,0.0000 ± 0.0000,0,0,0.0000 ± 0.0000,0,0,0.0000 ± 0.0000,0,0,0.0000 ± 0.0000,0,0,0.0000 ± 0.0000,0,0,0.0000 ± 0.0000,0,0,0.0000 ± 0.0000
Online Retail,online_retail_aggtail_20260512_145038,TD40,aggtail_td40,0.40,BPR,3,"42,43,44",4174,2199,252922,0.02755554,0.97244446,60.5946334451,115.0168258299,0.0164829899,0.0005887976,0.0165 ± 0.0006,0.1648298994,0.0058879759,0.1648 ± 0.0059,0.0922756176,0.0015849575,0.0923 ± 0.0016,0.070104806,0.0037003531,0.0701 ± 0.0037,0.437471578,0.0199728888,0.4375 ± 0.0200,2199,0,2199.0000 ± 0.0000,962,43.920382512,962.0000 ± 43.9204,4.1604051137,0.1601701369,4.1604 ± 0.1602,0.1648298994,0.0058879759,0.1648 ± 0.0059,0,0,0.0000 ± 0.0000,0,0,0.0000 ± 0.0000,0,0,0.0000 ± 0.0000,0,0,0.0000 ± 0.0000,0,0,0.0000 ± 0.0000,0,0,0.0000 ± 0.0000,0,0,0.0000 ± 0.0000,0,0,0.0000 ± 0.0000,0,0,0.0000 ± 0.0000,0,0,0.0000 ± 0.0000,0,0,0.0000 ± 0.0000,0,0,0.0000 ± 0.0000,0,0,0.0000 ± 0.0000
Online Retail,online_retail_aggtail_20260512_145038,TD40,aggtail_td40,0.40,ItemKNN,3,"42,43,44",4174,2199,252922,0.02755554,0.97244446,60.5946334451,115.0168258299,0.0250598946,0.0002088596,0.0251 ± 0.0002,0.2505989459,0.0020885956,0.2506 ± 0.0021,0.1463612734,0.0001448362,0.1464 ± 0.0001,0.1145237715,0.000794685,0.1145 ± 0.0008,0.8972260118,0.0064150687,0.8972 ± 0.0064,2199,0,2199.0000 ± 0.0000,1973,14.1067359797,1973.0000 ± 14.1067,1.5332945439,0.0033760735,1.5333 ± 0.0034,0.2505989459,0.0020885956,0.2506 ± 0.0021,0,0,0.0000 ± 0.0000,0,0,0.0000 ± 0.0000,0,0,0.0000 ± 0.0000,0,0,0.0000 ± 0.0000,0,0,0.0000 ± 0.0000,0,0,0.0000 ± 0.0000,0,0,0.0000 ± 0.0000,0,0,0.0000 ± 0.0000,0,0,0.0000 ± 0.0000,0,0,0.0000 ± 0.0000,0,0,0.0000 ± 0.0000,0,0,0.0000 ± 0.0000,0,0,0.0000 ± 0.0000
Online Retail,online_retail_aggtail_20260512_145038,TD40,aggtail_td40,0.40,LightGCN,3,"42,43,44",4174,2199,252922,0.02755554,0.97244446,60.5946334451,115.0168258299,0.0151812809,0.0004535145,0.0152 ± 0.0005,0.1518128095,0.0045351448,0.1518 ± 0.0045,0.0839323645,0.0042505712,0.0839 ± 0.0043,0.0631458791,0.0044648359,0.0631 ± 0.0045,0.3306048204,0.0056980282,0.3306 ± 0.0057,2199,0,2199.0000 ± 0.0000,727,12.5299640861,727.0000 ± 12.5300,4.435174703,0.1163278265,4.4352 ± 0.1163,0.1518128095,0.0045351448,0.1518 ± 0.0045,0,0,0.0000 ± 0.0000,0,0,0.0000 ± 0.0000,0,0,0.0000 ± 0.0000,0,0,0.0000 ± 0.0000,0,0,0.0000 ± 0.0000,0,0,0.0000 ± 0.0000,0,0,0.0000 ± 0.0000,0,0,0.0000 ± 0.0000,0,0,0.0000 ± 0.0000,0,0,0.0000 ± 0.0000,0,0,0.0000 ± 0.0000,0,0,0.0000 ± 0.0000,0,0,0.0000 ± 0.0000
Online Retail,online_retail_aggtail_20260512_145038,TD40,aggtail_td40,0.40,NeuMF,3,"42,43,44",4174,2199,252922,0.02755554,0.97244446,60.5946334451,115.0168258299,0.0172656125,0.000534283,0.0173 ± 0.0005,0.1726561252,0.0053428298,0.1727 ± 0.0053,0.090071326,0.0030770489,0.0901 ± 0.0031,0.0651326998,0.0026272145,0.0651 ± 0.0026,0.8375018948,0.0137733111,0.8375 ± 0.0138,2199,0,2199.0000 ± 0.0000,1841.6666666667,30.2875111776,1841.6667 ± 30.2875,1.8148757814,0.0448770804,1.8149 ± 0.0449,0.1726561252,0.0053428298,0.1727 ± 0.0053,0,0,0.0000 ± 0.0000,0,0,0.0000 ± 0.0000,0,0,0.0000 ± 0.0000,0,0,0.0000 ± 0.0000,0,0,0.0000 ± 0.0000,0,0,0.0000 ± 0.0000,0,0,0.0000 ± 0.0000,0,0,0.0000 ± 0.0000,0,0,0.0000 ± 0.0000,0,0,0.0000 ± 0.0000,0,0,0.0000 ± 0.0000,0,0,0.0000 ± 0.0000,0,0,0.0000 ± 0.0000
Online Retail,online_retail_aggtail_20260512_145038,TD40,aggtail_td40,0.40,MultiVAE,3,"42,43,44",4174,2199,252922,0.02755554,0.97244446,60.5946334451,115.0168258299,0.0141111644,0.0000479157,0.0141 ± 0.0000,0.1411116435,0.0004791567,0.1411 ± 0.0005,0.0659125777,0.0094954427,0.0659 ± 0.0095,0.0429171959,0.012115398,0.0429 ± 0.0121,0.0424435349,0.0006946454,0.0424 ± 0.0007,2199,0,2199.0000 ± 0.0000,93.3333333333,1.5275252317,93.3333 ± 1.5275,8.6329180716,0.0126422148,8.6329 ± 0.0126,0.1411116435,0.0004791567,0.1411 ± 0.0005,0,0,0.0000 ± 0.0000,0,0,0.0000 ± 0.0000,0,0,0.0000 ± 0.0000,0,0,0.0000 ± 0.0000,0,0,0.0000 ± 0.0000,0,0,0.0000 ± 0.0000,0,0,0.0000 ± 0.0000,0,0,0.0000 ± 0.0000,0,0,0.0000 ± 0.0000,0,0,0.0000 ± 0.0000,0,0,0.0000 ± 0.0000,0,0,0.0000 ± 0.0000,0,0,0.0000 ± 0.0000
Online Retail,online_retail_aggtail_20260512_145038,TD60,aggtail_td60,0.60,BPR,3,"42,43,44",4174,1466,223327,0.0364968,0.9635032,53.5043124102,152.3376534789,0.0137269018,0.0002704446,0.0137 ± 0.0003,0.1372690185,0.0027044463,0.1373 ± 0.0027,0.070688674,0.0017959969,0.0707 ± 0.0018,0.0504365682,0.001601641,0.0504 ± 0.0016,0.6005002274,0.0121321706,0.6005 ± 0.0121,1466,0,1466.0000 ± 0.0000,880.3333333333,17.7857620959,880.3333 ± 17.7858,3.2456887249,0.1239022094,3.2457 ± 0.1239,0.1372690185,0.0027044463,0.1373 ± 0.0027,0,0,0.0000 ± 0.0000,0,0,0.0000 ± 0.0000,0,0,0.0000 ± 0.0000,0,0,0.0000 ± 0.0000,0,0,0.0000 ± 0.0000,0,0,0.0000 ± 0.0000,0,0,0.0000 ± 0.0000,0,0,0.0000 ± 0.0000,0,0,0.0000 ± 0.0000,0,0,0.0000 ± 0.0000,0,0,0.0000 ± 0.0000,0,0,0.0000 ± 0.0000,0,0,0.0000 ± 0.0000
Online Retail,online_retail_aggtail_20260512_145038,TD60,aggtail_td60,0.60,ItemKNN,3,"42,43,44",4174,1466,223327,0.0364968,0.9635032,53.5043124102,152.3376534789,0.0221182305,0.0001207877,0.0221 ± 0.0001,0.2211823054,0.0012078769,0.2212 ± 0.0012,0.1241816454,0.0001786357,0.1242 ± 0.0002,0.0946047491,0.0005592654,0.0946 ± 0.0006,0.9608913142,0.0017166518,0.9609 ± 0.0017,1466,0,1466.0000 ± 0.0000,1408.6666666667,2.5166114784,1408.6667 ± 2.5166,1.3045899016,0.0044402337,1.3046 ± 0.0044,0.2211823054,0.0012078769,0.2212 ± 0.0012,0,0,0.0000 ± 0.0000,0,0,0.0000 ± 0.0000,0,0,0.0000 ± 0.0000,0,0,0.0000 ± 0.0000,0,0,0.0000 ± 0.0000,0,0,0.0000 ± 0.0000,0,0,0.0000 ± 0.0000,0,0,0.0000 ± 0.0000,0,0,0.0000 ± 0.0000,0,0,0.0000 ± 0.0000,0,0,0.0000 ± 0.0000,0,0,0.0000 ± 0.0000,0,0,0.0000 ± 0.0000
Online Retail,online_retail_aggtail_20260512_145038,TD60,aggtail_td60,0.60,LightGCN,3,"42,43,44",4174,1466,223327,0.0364968,0.9635032,53.5043124102,152.3376534789,0.0135029198,0.0001633516,0.0135 ± 0.0002,0.1350291977,0.0016335155,0.1350 ± 0.0016,0.0692659809,0.000693499,0.0693 ± 0.0007,0.0492683125,0.0006179472,0.0493 ± 0.0006,0.4647567076,0.0027567885,0.4648 ± 0.0028,1466,0,1466.0000 ± 0.0000,681.3333333333,4.0414518843,681.3333 ± 4.0415,3.5101130189,0.0191294908,3.5101 ± 0.0191,0.1350291977,0.0016335155,0.1350 ± 0.0016,0,0,0.0000 ± 0.0000,0,0,0.0000 ± 0.0000,0,0,0.0000 ± 0.0000,0,0,0.0000 ± 0.0000,0,0,0.0000 ± 0.0000,0,0,0.0000 ± 0.0000,0,0,0.0000 ± 0.0000,0,0,0.0000 ± 0.0000,0,0,0.0000 ± 0.0000,0,0,0.0000 ± 0.0000,0,0,0.0000 ± 0.0000,0,0,0.0000 ± 0.0000,0,0,0.0000 ± 0.0000
Online Retail,online_retail_aggtail_20260512_145038,TD60,aggtail_td60,0.60,NeuMF,3,"42,43,44",4174,1466,223327,0.0364968,0.9635032,53.5043124102,152.3376534789,0.0149028078,0.0006470587,0.0149 ± 0.0006,0.1490280778,0.0064705874,0.1490 ± 0.0065,0.0743154294,0.0039844651,0.0743 ± 0.0040,0.0518991179,0.0033224866,0.0519 ± 0.0033,0.9217826285,0.0010419681,0.9218 ± 0.0010,1466,0,1466.0000 ± 0.0000,1351.3333333333,1.5275252317,1351.3333 ± 1.5275,1.7370151991,0.0489521502,1.7370 ± 0.0490,0.1490280778,0.0064705874,0.1490 ± 0.0065,0,0,0.0000 ± 0.0000,0,0,0.0000 ± 0.0000,0,0,0.0000 ± 0.0000,0,0,0.0000 ± 0.0000,0,0,0.0000 ± 0.0000,0,0,0.0000 ± 0.0000,0,0,0.0000 ± 0.0000,0,0,0.0000 ± 0.0000,0,0,0.0000 ± 0.0000,0,0,0.0000 ± 0.0000,0,0,0.0000 ± 0.0000,0,0,0.0000 ± 0.0000,0,0,0.0000 ± 0.0000
Online Retail,online_retail_aggtail_20260512_145038,TD60,aggtail_td60,0.60,MultiVAE,3,"42,43,44",4174,1466,223327,0.0364968,0.9635032,53.5043124102,152.3376534789,0.0141268699,0.0004466051,0.0141 ± 0.0004,0.1412686985,0.0044660507,0.1413 ± 0.0045,0.059744802,0.0101925876,0.0597 ± 0.0102,0.0356287687,0.0110939797,0.0356 ± 0.0111,0.0561618918,0.0045418336,0.0562 ± 0.0045,1466,0,1466.0000 ± 0.0000,82.3333333333,6.6583281185,82.3333 ± 6.6583,8.4323962821,0.3104229615,8.4324 ± 0.3104,0.1412686985,0.0044660507,0.1413 ± 0.0045,0,0,0.0000 ± 0.0000,0,0,0.0000 ± 0.0000,0,0,0.0000 ± 0.0000,0,0,0.0000 ± 0.0000,0,0,0.0000 ± 0.0000,0,0,0.0000 ± 0.0000,0,0,0.0000 ± 0.0000,0,0,0.0000 ± 0.0000,0,0,0.0000 ± 0.0000,0,0,0.0000 ± 0.0000,0,0,0.0000 ± 0.0000,0,0,0.0000 ± 0.0000,0,0,0.0000 ± 0.0000
Online Retail,online_retail_aggtail_20260512_145038,TD80,aggtail_td80,0.80,BPR,3,"42,43,44",4174,733,161083,0.05264938,0.94735062,38.5919980834,219.758526603,0.0130326419,0.0007196926,0.0130 ± 0.0007,0.130326419,0.0071969257,0.1303 ± 0.0072,0.0662297974,0.0051186028,0.0662 ± 0.0051,0.0469151117,0.0044663421,0.0469 ± 0.0045,0.8253751705,0.0130141774,0.8254 ± 0.0130,733,0,733.0000 ± 0.0000,605,9.5393920142,605.0000 ± 9.5394,2.0550681429,0.0210621932,2.0551 ± 0.0211,0.130326419,0.0071969257,0.1303 ± 0.0072,0,0,0.0000 ± 0.0000,0,0,0.0000 ± 0.0000,0,0,0.0000 ± 0.0000,0,0,0.0000 ± 0.0000,0,0,0.0000 ± 0.0000,0,0,0.0000 ± 0.0000,0,0,0.0000 ± 0.0000,0,0,0.0000 ± 0.0000,0,0,0.0000 ± 0.0000,0,0,0.0000 ± 0.0000,0,0,0.0000 ± 0.0000,0,0,0.0000 ± 0.0000,0,0,0.0000 ± 0.0000
Online Retail,online_retail_aggtail_20260512_145038,TD80,aggtail_td80,0.80,ItemKNN,3,"42,43,44",4174,733,161083,0.05264938,0.94735062,38.5919980834,219.758526603,0.0215388326,0,0.0215 ± 0.0000,0.2153883261,0,0.2154 ± 0.0000,0.1211696395,0,0.1212 ± 0.0000,0.0923296694,0,0.0923 ± 0.0000,0.9959072306,0,0.9959 ± 0.0000,733,0,733.0000 ± 0.0000,730,0,730.0000 ± 0.0000,0.9359446313,0.0000234111,0.9359 ± 0.0000,0.2153883261,0,0.2154 ± 0.0000,0,0,0.0000 ± 0.0000,0,0,0.0000 ± 0.0000,0,0,0.0000 ± 0.0000,0,0,0.0000 ± 0.0000,0,0,0.0000 ± 0.0000,0,0,0.0000 ± 0.0000,0,0,0.0000 ± 0.0000,0,0,0.0000 ± 0.0000,0,0,0.0000 ± 0.0000,0,0,0.0000 ± 0.0000,0,0,0.0000 ± 0.0000,0,0,0.0000 ± 0.0000,0,0,0.0000 ± 0.0000
Online Retail,online_retail_aggtail_20260512_145038,TD80,aggtail_td80,0.80,LightGCN,3,"42,43,44",4174,733,161083,0.05264938,0.94735062,38.5919980834,219.758526603,0.0123090529,0.0006694375,0.0123 ± 0.0007,0.123090529,0.0066943752,0.1231 ± 0.0067,0.0600731809,0.0028781947,0.0601 ± 0.0029,0.0411374385,0.0017649725,0.0411 ± 0.0018,0.7048658481,0.019115825,0.7049 ± 0.0191,733,0,733.0000 ± 0.0000,516.6666666667,14.0118997047,516.6667 ± 14.0119,2.2879786021,0.0670106476,2.2880 ± 0.0670,0.123090529,0.0066943752,0.1231 ± 0.0067,0,0,0.0000 ± 0.0000,0,0,0.0000 ± 0.0000,0,0,0.0000 ± 0.0000,0,0,0.0000 ± 0.0000,0,0,0.0000 ± 0.0000,0,0,0.0000 ± 0.0000,0,0,0.0000 ± 0.0000,0,0,0.0000 ± 0.0000,0,0,0.0000 ± 0.0000,0,0,0.0000 ± 0.0000,0,0,0.0000 ± 0.0000,0,0,0.0000 ± 0.0000,0,0,0.0000 ± 0.0000
Online Retail,online_retail_aggtail_20260512_145038,TD80,aggtail_td80,0.80,NeuMF,3,"42,43,44",4174,733,161083,0.05264938,0.94735062,38.5919980834,219.758526603,0.015195369,0.0004841983,0.0152 ± 0.0005,0.1519536903,0.0048419826,0.1520 ± 0.0048,0.0752731607,0.0033476757,0.0753 ± 0.0033,0.0522697341,0.0030048824,0.0523 ± 0.0030,0.9863574352,0.0047259231,0.9864 ± 0.0047,733,0,733.0000 ± 0.0000,723,3.4641016151,723.0000 ± 3.4641,1.4134170328,0.0724833076,1.4134 ± 0.0725,0.1519536903,0.0048419826,0.1520 ± 0.0048,0,0,0.0000 ± 0.0000,0,0,0.0000 ± 0.0000,0,0,0.0000 ± 0.0000,0,0,0.0000 ± 0.0000,0,0,0.0000 ± 0.0000,0,0,0.0000 ± 0.0000,0,0,0.0000 ± 0.0000,0,0,0.0000 ± 0.0000,0,0,0.0000 ± 0.0000,0,0,0.0000 ± 0.0000,0,0,0.0000 ± 0.0000,0,0,0.0000 ± 0.0000,0,0,0.0000 ± 0.0000
Online Retail,online_retail_aggtail_20260512_145038,TD80,aggtail_td80,0.80,MultiVAE,3,"42,43,44",4174,733,161083,0.05264938,0.94735062,38.5919980834,219.758526603,0.006713298,0.0028806894,0.0067 ± 0.0029,0.0671329796,0.0288068945,0.0671 ± 0.0288,0.0317794049,0.0185824473,0.0318 ± 0.0186,0.02114909,0.0149924416,0.0211 ± 0.0150,0.1150522965,0.0244553518,0.1151 ± 0.0245,733,0,733.0000 ± 0.0000,84.3333333333,17.9257728797,84.3333 ± 17.9258,6.7462190978,1.052215865,6.7462 ± 1.0522,0.0671329796,0.0288068945,0.0671 ± 0.0288,0,0,0.0000 ± 0.0000,0,0,0.0000 ± 0.0000,0,0,0.0000 ± 0.0000,0,0,0.0000 ± 0.0000,0,0,0.0000 ± 0.0000,0,0,0.0000 ± 0.0000,0,0,0.0000 ± 0.0000,0,0,0.0000 ± 0.0000,0,0,0.0000 ± 0.0000,0,0,0.0000 ± 0.0000,0,0,0.0000 ± 0.0000,0,0,0.0000 ± 0.0000,0,0,0.0000 ± 0.0000
Steam,steam_aggtail_20260512_145058,TD40,aggtail_td40,0.40,BPR,3,"42,43,44",20000,7856,156073,0.00099334,0.99900666,7.80365,19.8667260692,0.0210629588,0.0004329893,0.0211 ± 0.0004,0.2106295883,0.0043298929,0.2106 ± 0.0043,0.1173975182,0.0026613429,0.1174 ± 0.0027,0.0889739354,0.0021808861,0.0890 ± 0.0022,0.1573382269,0.0070640801,0.1573 ± 0.0071,7629,0,7629.0000 ± 0.0000,1200.3333333333,53.8918670426,1200.3333 ± 53.8919,8.2547204021,0.1902030735,8.2547 ± 0.1902,0.2106295883,0.0043298929,0.2106 ± 0.0043,0,0,0.0000 ± 0.0000,0,0,0.0000 ± 0.0000,0,0,0.0000 ± 0.0000,0,0,0.0000 ± 0.0000,0,0,0.0000 ± 0.0000,0,0,0.0000 ± 0.0000,0,0,0.0000 ± 0.0000,0,0,0.0000 ± 0.0000,0,0,0.0000 ± 0.0000,0,0,0.0000 ± 0.0000,0,0,0.0000 ± 0.0000,0,0,0.0000 ± 0.0000,0,0,0.0000 ± 0.0000
Steam,steam_aggtail_20260512_145058,TD40,aggtail_td40,0.40,ItemKNN,3,"42,43,44",20000,7856,156073,0.00099334,0.99900666,7.80365,19.8667260692,0.0116867959,0.0000747535,0.0117 ± 0.0001,0.116867959,0.0007475348,0.1169 ± 0.0007,0.0709515165,0.0003621036,0.0710 ± 0.0004,0.0566185292,0.0004617206,0.0566 ± 0.0005,0.728579543,0.001338887,0.7286 ± 0.0013,7629,0,7629.0000 ± 0.0000,5558.3333333333,10.214368964,5558.3333 ± 10.2144,3.5562274243,0.009230856,3.5562 ± 0.0092,0.116867959,0.0007475348,0.1169 ± 0.0007,0,0,0.0000 ± 0.0000,0,0,0.0000 ± 0.0000,0,0,0.0000 ± 0.0000,0,0,0.0000 ± 0.0000,0,0,0.0000 ± 0.0000,0,0,0.0000 ± 0.0000,0,0,0.0000 ± 0.0000,0,0,0.0000 ± 0.0000,0,0,0.0000 ± 0.0000,0,0,0.0000 ± 0.0000,0,0,0.0000 ± 0.0000,0,0,0.0000 ± 0.0000,0,0,0.0000 ± 0.0000
Steam,steam_aggtail_20260512_145058,TD40,aggtail_td40,0.40,LightGCN,3,"42,43,44",20000,7856,156073,0.00099334,0.99900666,7.80365,19.8667260692,0.0208515173,0.00065042,0.0209 ± 0.0007,0.208515173,0.0065041997,0.2085 ± 0.0065,0.1162016405,0.0026509659,0.1162 ± 0.0027,0.0880559234,0.0015523406,0.0881 ± 0.0016,0.1091012365,0.0021189943,0.1091 ± 0.0021,7629,0,7629.0000 ± 0.0000,832.3333333333,16.1658075373,832.3333 ± 16.1658,8.6836718581,0.3310073671,8.6837 ± 0.3310,0.208515173,0.0065041997,0.2085 ± 0.0065,0,0,0.0000 ± 0.0000,0,0,0.0000 ± 0.0000,0,0,0.0000 ± 0.0000,0,0,0.0000 ± 0.0000,0,0,0.0000 ± 0.0000,0,0,0.0000 ± 0.0000,0,0,0.0000 ± 0.0000,0,0,0.0000 ± 0.0000,0,0,0.0000 ± 0.0000,0,0,0.0000 ± 0.0000,0,0,0.0000 ± 0.0000,0,0,0.0000 ± 0.0000,0,0,0.0000 ± 0.0000
Steam,steam_aggtail_20260512_145058,TD40,aggtail_td40,0.40,NeuMF,3,"42,43,44",20000,7856,156073,0.00099334,0.99900666,7.80365,19.8667260692,0.0202696302,0.0003729512,0.0203 ± 0.0004,0.2026963023,0.003729512,0.2027 ± 0.0037,0.1078944246,0.001724097,0.1079 ± 0.0017,0.0792080891,0.0011063114,0.0792 ± 0.0011,0.3728317385,0.0258628539,0.3728 ± 0.0259,7629,0,7629.0000 ± 0.0000,2844.3333333333,197.3077123007,2844.3333 ± 197.3077,5.5897864085,0.1759520032,5.5898 ± 0.1760,0.2026963023,0.003729512,0.2027 ± 0.0037,0,0,0.0000 ± 0.0000,0,0,0.0000 ± 0.0000,0,0,0.0000 ± 0.0000,0,0,0.0000 ± 0.0000,0,0,0.0000 ± 0.0000,0,0,0.0000 ± 0.0000,0,0,0.0000 ± 0.0000,0,0,0.0000 ± 0.0000,0,0,0.0000 ± 0.0000,0,0,0.0000 ± 0.0000,0,0,0.0000 ± 0.0000,0,0,0.0000 ± 0.0000,0,0,0.0000 ± 0.0000
Steam,steam_aggtail_20260512_145058,TD40,aggtail_td40,0.40,MultiVAE,3,"42,43,44",20000,7856,156073,0.00099334,0.99900666,7.80365,19.8667260692,0.0206197774,0.0000634494,0.0206 ± 0.0001,0.2061977739,0.0006344937,0.2062 ± 0.0006,0.1158209613,0.0004451674,0.1158 ± 0.0004,0.0882044695,0.0007165826,0.0882 ± 0.0007,0.0427316817,0.0024062865,0.0427 ± 0.0024,7629,0,7629.0000 ± 0.0000,326,18.3575597507,326.0000 ± 18.3576,9.089791007,0.0067915952,9.0898 ± 0.0068,0.2061977739,0.0006344937,0.2062 ± 0.0006,0,0,0.0000 ± 0.0000,0,0,0.0000 ± 0.0000,0,0,0.0000 ± 0.0000,0,0,0.0000 ± 0.0000,0,0,0.0000 ± 0.0000,0,0,0.0000 ± 0.0000,0,0,0.0000 ± 0.0000,0,0,0.0000 ± 0.0000,0,0,0.0000 ± 0.0000,0,0,0.0000 ± 0.0000,0,0,0.0000 ± 0.0000,0,0,0.0000 ± 0.0000,0,0,0.0000 ± 0.0000
Steam,steam_aggtail_20260512_145058,TD60,aggtail_td60,0.60,BPR,3,"42,43,44",20000,5902,152929,0.00129557,0.99870443,7.64645,25.9113859709,0.0183216619,0.0001980489,0.0183 ± 0.0002,0.1832166188,0.0019804891,0.1832 ± 0.0020,0.1007643993,0.0006482693,0.1008 ± 0.0006,0.0756334999,0.0002818213,0.0756 ± 0.0003,0.2061666953,0.0147881198,0.2062 ± 0.0148,5827,0,5827.0000 ± 0.0000,1201.3333333333,86.1703738725,1201.3333 ± 86.1704,8.3479392419,0.2443061495,8.3479 ± 0.2443,0.1832166188,0.0019804891,0.1832 ± 0.0020,0,0,0.0000 ± 0.0000,0,0,0.0000 ± 0.0000,0,0,0.0000 ± 0.0000,0,0,0.0000 ± 0.0000,0,0,0.0000 ± 0.0000,0,0,0.0000 ± 0.0000,0,0,0.0000 ± 0.0000,0,0,0.0000 ± 0.0000,0,0,0.0000 ± 0.0000,0,0,0.0000 ± 0.0000,0,0,0.0000 ± 0.0000,0,0,0.0000 ± 0.0000,0,0,0.0000 ± 0.0000
Steam,steam_aggtail_20260512_145058,TD60,aggtail_td60,0.60,ItemKNN,3,"42,43,44",20000,5902,152929,0.00129557,0.99870443,7.64645,25.9113859709,0.0117083984,0.0001011379,0.0117 ± 0.0001,0.1170839841,0.0010113789,0.1171 ± 0.0010,0.0693426789,0.0004604531,0.0693 ± 0.0005,0.0545546255,0.0003196068,0.0546 ± 0.0003,0.9298667124,0.0018825562,0.9299 ± 0.0019,5827,0,5827.0000 ± 0.0000,5418.3333333333,10.9696551146,5418.3333 ± 10.9697,3.5748843244,0.0116908852,3.5749 ± 0.0117,0.1170839841,0.0010113789,0.1171 ± 0.0010,0,0,0.0000 ± 0.0000,0,0,0.0000 ± 0.0000,0,0,0.0000 ± 0.0000,0,0,0.0000 ± 0.0000,0,0,0.0000 ± 0.0000,0,0,0.0000 ± 0.0000,0,0,0.0000 ± 0.0000,0,0,0.0000 ± 0.0000,0,0,0.0000 ± 0.0000,0,0,0.0000 ± 0.0000,0,0,0.0000 ± 0.0000,0,0,0.0000 ± 0.0000,0,0,0.0000 ± 0.0000
Steam,steam_aggtail_20260512_145058,TD60,aggtail_td60,0.60,LightGCN,3,"42,43,44",20000,5902,152929,0.00129557,0.99870443,7.64645,25.9113859709,0.0179471678,0.0000509648,0.0179 ± 0.0001,0.1794716778,0.0005096475,0.1795 ± 0.0005,0.0986446798,0.0003119179,0.0986 ± 0.0003,0.0739654897,0.0002325769,0.0740 ± 0.0002,0.1290544019,0.0118563415,0.1291 ± 0.0119,5827,0,5827.0000 ± 0.0000,752,69.0869017977,752.0000 ± 69.0869,8.7232909777,0.0331407809,8.7233 ± 0.0331,0.1794716778,0.0005096475,0.1795 ± 0.0005,0,0,0.0000 ± 0.0000,0,0,0.0000 ± 0.0000,0,0,0.0000 ± 0.0000,0,0,0.0000 ± 0.0000,0,0,0.0000 ± 0.0000,0,0,0.0000 ± 0.0000,0,0,0.0000 ± 0.0000,0,0,0.0000 ± 0.0000,0,0,0.0000 ± 0.0000,0,0,0.0000 ± 0.0000,0,0,0.0000 ± 0.0000,0,0,0.0000 ± 0.0000,0,0,0.0000 ± 0.0000
Steam,steam_aggtail_20260512_145058,TD60,aggtail_td60,0.60,NeuMF,3,"42,43,44",20000,5902,152929,0.00129557,0.99870443,7.64645,25.9113859709,0.0176516029,0.0001941007,0.0177 ± 0.0002,0.1765160294,0.0019410069,0.1765 ± 0.0019,0.0940524737,0.0018606298,0.0941 ± 0.0019,0.0691390368,0.0019818257,0.0691 ± 0.0020,0.4516332018,0.0106031529,0.4516 ± 0.0106,5827,0,5827.0000 ± 0.0000,2631.6666666667,61.7845719685,2631.6667 ± 61.7846,5.4118073066,0.1830937379,5.4118 ± 0.1831,0.1765160294,0.0019410069,0.1765 ± 0.0019,0,0,0.0000 ± 0.0000,0,0,0.0000 ± 0.0000,0,0,0.0000 ± 0.0000,0,0,0.0000 ± 0.0000,0,0,0.0000 ± 0.0000,0,0,0.0000 ± 0.0000,0,0,0.0000 ± 0.0000,0,0,0.0000 ± 0.0000,0,0,0.0000 ± 0.0000,0,0,0.0000 ± 0.0000,0,0,0.0000 ± 0.0000,0,0,0.0000 ± 0.0000,0,0,0.0000 ± 0.0000
Steam,steam_aggtail_20260512_145058,TD60,aggtail_td60,0.60,MultiVAE,3,"42,43,44",20000,5902,152929,0.00129557,0.99870443,7.64645,25.9113859709,0.0180764774,0.0001098015,0.0181 ± 0.0001,0.180764774,0.0010980147,0.1808 ± 0.0011,0.0999073136,0.0006255125,0.0999 ± 0.0006,0.0751929715,0.0005806683,0.0752 ± 0.0006,0.0464504319,0.0037807246,0.0465 ± 0.0038,5827,0,5827.0000 ± 0.0000,270.6666666667,22.0302821891,270.6667 ± 22.0303,9.0612672365,0.0199800627,9.0613 ± 0.0200,0.180764774,0.0010980147,0.1808 ± 0.0011,0,0,0.0000 ± 0.0000,0,0,0.0000 ± 0.0000,0,0,0.0000 ± 0.0000,0,0,0.0000 ± 0.0000,0,0,0.0000 ± 0.0000,0,0,0.0000 ± 0.0000,0,0,0.0000 ± 0.0000,0,0,0.0000 ± 0.0000,0,0,0.0000 ± 0.0000,0,0,0.0000 ± 0.0000,0,0,0.0000 ± 0.0000,0,0,0.0000 ± 0.0000,0,0,0.0000 ± 0.0000
Steam,steam_aggtail_20260512_145058,TD80,aggtail_td80,0.80,BPR,3,"42,43,44",20000,3042,142529,0.00234269,0.99765731,7.12645,46.8537146614,0.0131183991,0.0001226405,0.0131 ± 0.0001,0.1311839911,0.0012264047,0.1312 ± 0.0012,0.0686698138,0.0008047394,0.0687 ± 0.0008,0.0497536978,0.0007761285,0.0498 ± 0.0008,0.400877193,0.0174135097,0.4009 ± 0.0174,3040,0,3040.0000 ± 0.0000,1218.6666666667,52.9370695575,1218.6667 ± 52.9371,7.776758388,0.4666728053,7.7768 ± 0.4667,0.1311839911,0.0012264047,0.1312 ± 0.0012,0,0,0.0000 ± 0.0000,0,0,0.0000 ± 0.0000,0,0,0.0000 ± 0.0000,0,0,0.0000 ± 0.0000,0,0,0.0000 ± 0.0000,0,0,0.0000 ± 0.0000,0,0,0.0000 ± 0.0000,0,0,0.0000 ± 0.0000,0,0,0.0000 ± 0.0000,0,0,0.0000 ± 0.0000,0,0,0.0000 ± 0.0000,0,0,0.0000 ± 0.0000,0,0,0.0000 ± 0.0000
Steam,steam_aggtail_20260512_145058,TD80,aggtail_td80,0.80,ItemKNN,3,"42,43,44",20000,3042,142529,0.00234269,0.99765731,7.12645,46.8537146614,0.0111172874,0.0000777948,0.0111 ± 0.0001,0.1111728738,0.0007779476,0.1112 ± 0.0008,0.0625054452,0.000468594,0.0625 ± 0.0005,0.0476425562,0.0004030068,0.0476 ± 0.0004,0.9994517544,0.0003798357,0.9995 ± 0.0004,3040,0,3040.0000 ± 0.0000,3038.3333333333,1.1547005384,3038.3333 ± 1.1547,2.6952173893,0.0077647753,2.6952 ± 0.0078,0.1111728738,0.0007779476,0.1112 ± 0.0008,0,0,0.0000 ± 0.0000,0,0,0.0000 ± 0.0000,0,0,0.0000 ± 0.0000,0,0,0.0000 ± 0.0000,0,0,0.0000 ± 0.0000,0,0,0.0000 ± 0.0000,0,0,0.0000 ± 0.0000,0,0,0.0000 ± 0.0000,0,0,0.0000 ± 0.0000,0,0,0.0000 ± 0.0000,0,0,0.0000 ± 0.0000,0,0,0.0000 ± 0.0000,0,0,0.0000 ± 0.0000
Steam,steam_aggtail_20260512_145058,TD80,aggtail_td80,0.80,LightGCN,3,"42,43,44",20000,3042,142529,0.00234269,0.99765731,7.12645,46.8537146614,0.013861236,0.000164291,0.0139 ± 0.0002,0.1386123604,0.0016429095,0.1386 ± 0.0016,0.0729559639,0.0007716713,0.0730 ± 0.0008,0.0530966712,0.0006446829,0.0531 ± 0.0006,0.2285087719,0.0050569529,0.2285 ± 0.0051,3040,0,3040.0000 ± 0.0000,694.6666666667,15.3731367435,694.6667 ± 15.3731,7.3725496712,0.0579404689,7.3725 ± 0.0579,0.1386123604,0.0016429095,0.1386 ± 0.0016,0,0,0.0000 ± 0.0000,0,0,0.0000 ± 0.0000,0,0,0.0000 ± 0.0000,0,0,0.0000 ± 0.0000,0,0,0.0000 ± 0.0000,0,0,0.0000 ± 0.0000,0,0,0.0000 ± 0.0000,0,0,0.0000 ± 0.0000,0,0,0.0000 ± 0.0000,0,0,0.0000 ± 0.0000,0,0,0.0000 ± 0.0000,0,0,0.0000 ± 0.0000,0,0,0.0000 ± 0.0000
Steam,steam_aggtail_20260512_145058,TD80,aggtail_td80,0.80,NeuMF,3,"42,43,44",20000,3042,142529,0.00234269,0.99765731,7.12645,46.8537146614,0.0123839844,0.0003706987,0.0124 ± 0.0004,0.1238398437,0.0037069873,0.1238 ± 0.0037,0.0649353585,0.002307632,0.0649 ± 0.0023,0.0471661478,0.0019474519,0.0472 ± 0.0019,0.7111842105,0.0184357319,0.7112 ± 0.0184,3040,0,3040.0000 ± 0.0000,2162,56.0446250768,2162.0000 ± 56.0446,4.6172054624,0.1338618166,4.6172 ± 0.1339,0.1238398437,0.0037069873,0.1238 ± 0.0037,0,0,0.0000 ± 0.0000,0,0,0.0000 ± 0.0000,0,0,0.0000 ± 0.0000,0,0,0.0000 ± 0.0000,0,0,0.0000 ± 0.0000,0,0,0.0000 ± 0.0000,0,0,0.0000 ± 0.0000,0,0,0.0000 ± 0.0000,0,0,0.0000 ± 0.0000,0,0,0.0000 ± 0.0000,0,0,0.0000 ± 0.0000,0,0,0.0000 ± 0.0000,0,0,0.0000 ± 0.0000
Steam,steam_aggtail_20260512_145058,TD80,aggtail_td80,0.80,MultiVAE,3,"42,43,44",20000,3042,142529,0.00234269,0.99765731,7.12645,46.8537146614,0.0136557347,0.0000227866,0.0137 ± 0.0000,0.1365573467,0.0002278665,0.1366 ± 0.0002,0.0715375582,0.0001987319,0.0715 ± 0.0002,0.0518020139,0.0001609485,0.0518 ± 0.0002,0.0757675439,0.0100710197,0.0758 ± 0.0101,3040,0,3040.0000 ± 0.0000,230.3333333333,30.6159000085,230.3333 ± 30.6159,9.0428540601,0.0775996342,9.0429 ± 0.0776,0.1365573467,0.0002278665,0.1366 ± 0.0002,0,0,0.0000 ± 0.0000,0,0,0.0000 ± 0.0000,0,0,0.0000 ± 0.0000,0,0,0.0000 ± 0.0000,0,0,0.0000 ± 0.0000,0,0,0.0000 ± 0.0000,0,0,0.0000 ± 0.0000,0,0,0.0000 ± 0.0000,0,0,0.0000 ± 0.0000,0,0,0.0000 ± 0.0000,0,0,0.0000 ± 0.0000,0,0,0.0000 ± 0.0000,0,0,0.0000 ± 0.0000
Last.fm,lastfm_aggtail_noraw_20260514_081941,TD40,aggtail_td40,0.40,BPR,3,"42,43,44",12834,382342,13088089,0.00266724,0.99733276,1019.7981143837,34.2313661591,0.03668459200374094,0.0005105270434155555,0.0367 ± 0.0005,0.3668459200374094,0.005105270434155489,0.3668 ± 0.0051,0.2110223655894926,0.002978560166078119,0.2110 ± 0.0030,0.16342851864635044,0.0023153896518809847,0.1634 ± 0.0023,0.14847265885864838,0.0020975794615398216,0.1485 ± 0.0021,382342.0,0.0,382342.0000 ± 0.0000,56767.333333333336,801.9927264840587,56767.3333 ± 801.9927,3.726090393161492,0.03532469943147883,3.7261 ± 0.0353,0.3668459200374094,0.005105270434155489,0.3668 ± 0.0051,0.0,0.0,0.0000 ± 0.0000,0.0,0.0,0.0000 ± 0.0000,0.0,0.0,0.0000 ± 0.0000,0.0,0.0,0.0000 ± 0.0000,0.0,0.0,0.0000 ± 0.0000,0.0,0.0,0.0000 ± 0.0000,0.0,0.0,0.0000 ± 0.0000,0.0,0.0,0.0000 ± 0.0000,0.0,0.0,0.0000 ± 0.0000,0.0,0.0,0.0000 ± 0.0000,0.0,0.0,0.0000 ± 0.0000,0.0,0.0,0.0000 ± 0.0000,0.0,0.0,0.0000 ± 0.0000
Last.fm,lastfm_aggtail_noraw_20260514_081941,TD40,aggtail_td40,0.40,ItemKNN,3,"42,43,44",12834,382342,13088089,0.00266724,0.99733276,1019.7981143837,34.2313661591,0.07470968747564492,4.867117136933207e-05,0.0747 ± 0.0000,0.7470968747564491,0.00048671171369329844,0.7471 ± 0.0005,0.6104176892173039,0.0007479538213620438,0.6104 ± 0.0007,0.5668197557255308,0.001126436156318892,0.5668 ± 0.0011,0.19201831519076293,0.0006347129703286068,0.1920 ± 0.0006,382342.0,0.0,382342.0000 ± 0.0000,73416.66666666667,242.67742650138075,73416.6667 ± 242.6774,3.513426351488134,0.018892490538584248,3.5134 ± 0.0189,0.7470968747564491,0.00048671171369329844,0.7471 ± 0.0005,0.0,0.0,0.0000 ± 0.0000,0.0,0.0,0.0000 ± 0.0000,0.0,0.0,0.0000 ± 0.0000,0.0,0.0,0.0000 ± 0.0000,0.0,0.0,0.0000 ± 0.0000,0.0,0.0,0.0000 ± 0.0000,0.0,0.0,0.0000 ± 0.0000,0.0,0.0,0.0000 ± 0.0000,0.0,0.0,0.0000 ± 0.0000,0.0,0.0,0.0000 ± 0.0000,0.0,0.0,0.0000 ± 0.0000,0.0,0.0,0.0000 ± 0.0000,0.0,0.0,0.0000 ± 0.0000
Last.fm,lastfm_aggtail_noraw_20260514_081941,TD40,aggtail_td40,0.40,LightGCN,3,"42,43,44",12834,382342,13088089,0.00266724,0.99733276,1019.7981143837,34.2313661591,0.04032681266723819,7.884026137475705e-05,0.0403 ± 0.0001,0.40326812667238193,0.0007884026137476086,0.4033 ± 0.0008,0.23817525194464842,0.0008014915238475741,0.2382 ± 0.0008,0.18755453991016302,0.0009053496372649805,0.1876 ± 0.0009,0.15623795798874654,0.00017151379350582204,0.1562 ± 0.0002,382342.0,0.0,382342.0000 ± 0.0000,59736.333333333336,65.57692683660335,59736.3333 ± 65.5769,3.5277607984840915,0.007272413849487231,3.5278 ± 0.0073,0.40326812667238193,0.0007884026137476086,0.4033 ± 0.0008,0.0,0.0,0.0000 ± 0.0000,0.0,0.0,0.0000 ± 0.0000,0.0,0.0,0.0000 ± 0.0000,0.0,0.0,0.0000 ± 0.0000,0.0,0.0,0.0000 ± 0.0000,0.0,0.0,0.0000 ± 0.0000,0.0,0.0,0.0000 ± 0.0000,0.0,0.0,0.0000 ± 0.0000,0.0,0.0,0.0000 ± 0.0000,0.0,0.0,0.0000 ± 0.0000,0.0,0.0,0.0000 ± 0.0000,0.0,0.0,0.0000 ± 0.0000,0.0,0.0,0.0000 ± 0.0000
Last.fm,lastfm_aggtail_noraw_20260514_081941,TD40,aggtail_td40,0.40,NeuMF,3,"42,43,44",12834,382342,13088089,0.00266724,0.99733276,1019.7981143837,34.2313661591,0.04279739173356195,0.0001269507881731294,0.0428 ± 0.0001,0.42797391733561946,0.001269507881731301,0.4280 ± 0.0013,0.24611292476243776,0.001668996387252898,0.2461 ± 0.0017,0.19054349811695304,0.001827384395397297,0.1905 ± 0.0018,0.20410871244418174,0.0025526540401115167,0.2041 ± 0.0026,382342.0,0.0,382342.0000 ± 0.0000,78039.33333333333,975.9868510043204,78039.3333 ± 975.9869,2.612956286267981,0.05145458035124933,2.6130 ± 0.0515,0.42797391733561946,0.001269507881731301,0.4280 ± 0.0013,0.0,0.0,0.0000 ± 0.0000,0.0,0.0,0.0000 ± 0.0000,0.0,0.0,0.0000 ± 0.0000,0.0,0.0,0.0000 ± 0.0000,0.0,0.0,0.0000 ± 0.0000,0.0,0.0,0.0000 ± 0.0000,0.0,0.0,0.0000 ± 0.0000,0.0,0.0,0.0000 ± 0.0000,0.0,0.0,0.0000 ± 0.0000,0.0,0.0,0.0000 ± 0.0000,0.0,0.0,0.0000 ± 0.0000,0.0,0.0,0.0000 ± 0.0000,0.0,0.0,0.0000 ± 0.0000
Last.fm,lastfm_aggtail_noraw_20260514_081941,TD40,aggtail_td40,0.40,MultiVAE,3,"42,43,44",12834,382342,13088089,0.00266724,0.99733276,1019.7981143837,34.2313661591,0.021770191982957942,0.001823280728444801,0.0218 ± 0.0018,0.2177019198295794,0.018232807284448014,0.2177 ± 0.0182,0.12466638379297346,0.012321534207506972,0.1247 ± 0.0123,0.09637475830484948,0.010520437890367301,0.0964 ± 0.0105,0.05303018414578222,0.010753921183126772,0.0530 ± 0.0108,382342.0,0.0,382342.0000 ± 0.0000,20275.666666666668,4111.675732999057,20275.6667 ± 4111.6757,6.010914914066859,0.5798777805619433,6.0109 ± 0.5799,0.2177019198295794,0.018232807284448014,0.2177 ± 0.0182,0.0,0.0,0.0000 ± 0.0000,0.0,0.0,0.0000 ± 0.0000,0.0,0.0,0.0000 ± 0.0000,0.0,0.0,0.0000 ± 0.0000,0.0,0.0,0.0000 ± 0.0000,0.0,0.0,0.0000 ± 0.0000,0.0,0.0,0.0000 ± 0.0000,0.0,0.0,0.0000 ± 0.0000,0.0,0.0,0.0000 ± 0.0000,0.0,0.0,0.0000 ± 0.0000,0.0,0.0,0.0000 ± 0.0000,0.0,0.0,0.0000 ± 0.0000,0.0,0.0,0.0000 ± 0.0000
Last.fm,lastfm_aggtail_noraw_20260514_081941,TD60,aggtail_td60,0.60,BPR,3,"42,43,44",12834,254894,11779371,0.00360081,0.99639919,917.8253856942,46.2128218004,0.03351003014239684,0.00010144070936463666,0.0335 ± 0.0001,0.3351003014239684,0.0010144070936463389,0.3351 ± 0.0010,0.190352677193007,0.0013630965546615225,0.1904 ± 0.0014,0.14615886544480247,0.001728528385080065,0.1462 ± 0.0017,0.19756709324921995,0.0015094141300177806,0.1976 ± 0.0015,254894.0,0.0,254894.0000 ± 0.0000,50358.666666666664,384.7406052567547,50358.6667 ± 384.7406,3.4245318040876733,0.023836519647337115,3.4245 ± 0.0238,0.3351003014239684,0.0010144070936463389,0.3351 ± 0.0010,0.0,0.0,0.0000 ± 0.0000,0.0,0.0,0.0000 ± 0.0000,0.0,0.0,0.0000 ± 0.0000,0.0,0.0,0.0000 ± 0.0000,0.0,0.0,0.0000 ± 0.0000,0.0,0.0,0.0000 ± 0.0000,0.0,0.0,0.0000 ± 0.0000,0.0,0.0,0.0000 ± 0.0000,0.0,0.0,0.0000 ± 0.0000,0.0,0.0,0.0000 ± 0.0000,0.0,0.0,0.0000 ± 0.0000,0.0,0.0,0.0000 ± 0.0000,0.0,0.0,0.0000 ± 0.0000
Last.fm,lastfm_aggtail_noraw_20260514_081941,TD60,aggtail_td60,0.60,ItemKNN,3,"42,43,44",12834,254894,11779371,0.00360081,0.99639919,917.8253856942,46.2128218004,0.07294719883587984,6.349023865955885e-05,0.0729 ± 0.0001,0.7294719883587985,0.0006349023865955211,0.7295 ± 0.0006,0.5833430654928066,0.0008805528693808905,0.5833 ± 0.0009,0.5369215798608532,0.0010376052107893092,0.5369 ± 0.0010,0.27924679801538416,0.0008216488521212417,0.2792 ± 0.0008,254894.0,0.0,254894.0000 ± 0.0000,71178.33333333333,209.43336251259882,71178.3333 ± 209.4334,2.9310714258586406,0.012032277213076545,2.9311 ± 0.0120,0.7294719883587985,0.0006349023865955211,0.7295 ± 0.0006,0.0,0.0,0.0000 ± 0.0000,0.0,0.0,0.0000 ± 0.0000,0.0,0.0,0.0000 ± 0.0000,0.0,0.0,0.0000 ± 0.0000,0.0,0.0,0.0000 ± 0.0000,0.0,0.0,0.0000 ± 0.0000,0.0,0.0,0.0000 ± 0.0000,0.0,0.0,0.0000 ± 0.0000,0.0,0.0,0.0000 ± 0.0000,0.0,0.0,0.0000 ± 0.0000,0.0,0.0,0.0000 ± 0.0000,0.0,0.0,0.0000 ± 0.0000,0.0,0.0,0.0000 ± 0.0000
Last.fm,lastfm_aggtail_noraw_20260514_081941,TD60,aggtail_td60,0.60,LightGCN,3,"42,43,44",12834,254894,11779371,0.00360081,0.99639919,917.8253856942,46.2128218004,0.036422929009458475,0.00025431962858573715,0.0364 ± 0.0003,0.3642292900945847,0.0025431962858574364,0.3642 ± 0.0025,0.2108275476965836,0.0020832375447192857,0.2108 ± 0.0021,0.1638792889397037,0.002006138981861085,0.1639 ± 0.0020,0.20576134916213537,0.0009907327994246441,0.2058 ± 0.0010,254894.0,0.0,254894.0000 ± 0.0000,52447.333333333336,252.53184617654236,52447.3333 ± 252.5318,3.2223892742005424,0.007673721677926982,3.2224 ± 0.0077,0.3642292900945847,0.0025431962858574364,0.3642 ± 0.0025,0.0,0.0,0.0000 ± 0.0000,0.0,0.0,0.0000 ± 0.0000,0.0,0.0,0.0000 ± 0.0000,0.0,0.0,0.0000 ± 0.0000,0.0,0.0,0.0000 ± 0.0000,0.0,0.0,0.0000 ± 0.0000,0.0,0.0,0.0000 ± 0.0000,0.0,0.0,0.0000 ± 0.0000,0.0,0.0,0.0000 ± 0.0000,0.0,0.0,0.0000 ± 0.0000,0.0,0.0,0.0000 ± 0.0000,0.0,0.0,0.0000 ± 0.0000,0.0,0.0,0.0000 ± 0.0000
Last.fm,lastfm_aggtail_noraw_20260514_081941,TD60,aggtail_td60,0.60,NeuMF,3,"42,43,44",12834,254894,11779371,0.00360081,0.99639919,917.8253856942,46.2128218004,0.040156948342168174,0.0003013455557144718,0.0402 ± 0.0003,0.4015694834216817,0.0030134555571447387,0.4016 ± 0.0030,0.2273427564699152,0.0011409101729575977,0.2273 ± 0.0011,0.17418375684473286,0.0007429035002688802,0.1742 ± 0.0007,0.2825370546187827,0.002751178403715335,0.2825 ± 0.0028,254894.0,0.0,254894.0000 ± 0.0000,72017.0,701.2588680366189,72017.0000 ± 701.2589,2.2391604031356014,0.024520605546504804,2.2392 ± 0.0245,0.4015694834216817,0.0030134555571447387,0.4016 ± 0.0030,0.0,0.0,0.0000 ± 0.0000,0.0,0.0,0.0000 ± 0.0000,0.0,0.0,0.0000 ± 0.0000,0.0,0.0,0.0000 ± 0.0000,0.0,0.0,0.0000 ± 0.0000,0.0,0.0,0.0000 ± 0.0000,0.0,0.0,0.0000 ± 0.0000,0.0,0.0,0.0000 ± 0.0000,0.0,0.0,0.0000 ± 0.0000,0.0,0.0,0.0000 ± 0.0000,0.0,0.0,0.0000 ± 0.0000,0.0,0.0,0.0000 ± 0.0000,0.0,0.0,0.0000 ± 0.0000
Last.fm,lastfm_aggtail_noraw_20260514_081941,TD60,aggtail_td60,0.60,MultiVAE,3,"42,43,44",12834,254894,11779371,0.00360081,0.99639919,917.8253856942,46.2128218004,0.0198939819145619,0.0019277465401636201,0.0199 ± 0.0019,0.19893981914561895,0.019277465401636197,0.1989 ± 0.0193,0.11047261951928178,0.010601391378787897,0.1105 ± 0.0106,0.08357611615134224,0.007918168809093278,0.0836 ± 0.0079,0.07125576383385511,0.01224692317654776,0.0713 ± 0.0122,254894.0,0.0,254894.0000 ± 0.0000,18162.666666666668,3121.6672361629658,18162.6667 ± 3121.6672,5.392741084526339,0.5511017929481812,5.3927 ± 0.5511,0.19893981914561895,0.019277465401636197,0.1989 ± 0.0193,0.0,0.0,0.0000 ± 0.0000,0.0,0.0,0.0000 ± 0.0000,0.0,0.0,0.0000 ± 0.0000,0.0,0.0,0.0000 ± 0.0000,0.0,0.0,0.0000 ± 0.0000,0.0,0.0,0.0000 ± 0.0000,0.0,0.0,0.0000 ± 0.0000,0.0,0.0,0.0000 ± 0.0000,0.0,0.0,0.0000 ± 0.0000,0.0,0.0,0.0000 ± 0.0000,0.0,0.0,0.0000 ± 0.0000,0.0,0.0,0.0000 ± 0.0000,0.0,0.0,0.0000 ± 0.0000
Last.fm,lastfm_aggtail_noraw_20260514_081941,TD80,aggtail_td80,0.80,BPR,3,"42,43,44",12834,127447,9485455,0.00579918,0.99420082,739.0879694561,74.4266636327,0.03139753009223074,0.0004416651303606875,0.0314 ± 0.0004,0.31397530092230735,0.0044166513036069084,0.3140 ± 0.0044,0.17542184517798332,0.0012693815238967645,0.1754 ± 0.0013,0.1332546650918544,0.0006811921768514989,0.1333 ± 0.0007,0.31499368364888936,0.005051234698108483,0.3150 ± 0.0051,127447.0,0.0,127447.0000 ± 0.0000,40145.0,643.7647085698314,40145.0000 ± 643.7647,2.905073623052275,0.029151332562394994,2.9051 ± 0.0292,0.31397530092230735,0.0044166513036069084,0.3140 ± 0.0044,0.0,0.0,0.0000 ± 0.0000,0.0,0.0,0.0000 ± 0.0000,0.0,0.0,0.0000 ± 0.0000,0.0,0.0,0.0000 ± 0.0000,0.0,0.0,0.0000 ± 0.0000,0.0,0.0,0.0000 ± 0.0000,0.0,0.0,0.0000 ± 0.0000,0.0,0.0,0.0000 ± 0.0000,0.0,0.0,0.0000 ± 0.0000,0.0,0.0,0.0000 ± 0.0000,0.0,0.0,0.0000 ± 0.0000,0.0,0.0,0.0000 ± 0.0000,0.0,0.0,0.0000 ± 0.0000
Last.fm,lastfm_aggtail_noraw_20260514_081941,TD80,aggtail_td80,0.80,ItemKNN,3,"42,43,44",12834,127447,9485455,0.00579918,0.99420082,739.0879694561,74.4266636327,0.0692772653848158,9.15970810861629e-05,0.0693 ± 0.0001,0.692772653848158,0.0009159708108617238,0.6928 ± 0.0009,0.5359459335618496,0.0010361098405166805,0.5359 ± 0.0010,0.4864734461342246,0.0011950198819824713,0.4865 ± 0.0012,0.484902220792434,0.001361397316049673,0.4849 ± 0.0014,127447.0,0.0,127447.0000 ± 0.0000,61799.333333333336,173.50600373858344,61799.3333 ± 173.5060,2.1861243362340503,0.006898026295598893,2.1861 ± 0.0069,0.692772653848158,0.0009159708108617238,0.6928 ± 0.0009,0.0,0.0,0.0000 ± 0.0000,0.0,0.0,0.0000 ± 0.0000,0.0,0.0,0.0000 ± 0.0000,0.0,0.0,0.0000 ± 0.0000,0.0,0.0,0.0000 ± 0.0000,0.0,0.0,0.0000 ± 0.0000,0.0,0.0,0.0000 ± 0.0000,0.0,0.0,0.0000 ± 0.0000,0.0,0.0,0.0000 ± 0.0000,0.0,0.0,0.0000 ± 0.0000,0.0,0.0,0.0000 ± 0.0000,0.0,0.0,0.0000 ± 0.0000,0.0,0.0,0.0000 ± 0.0000
Last.fm,lastfm_aggtail_noraw_20260514_081941,TD80,aggtail_td80,0.80,LightGCN,3,"42,43,44",12834,127447,9485455,0.00579918,0.99420082,739.0879694561,74.4266636327,0.03290083893491741,0.00031170066909931934,0.0329 ± 0.0003,0.3290083893491741,0.0031170066909932035,0.3290 ± 0.0031,0.18593107330347122,0.0015940320546562333,0.1859 ± 0.0016,0.1423652208004248,0.0014028024712549817,0.1424 ± 0.0014,0.3095064353548272,0.0025688339870784983,0.3095 ± 0.0026,127447.0,0.0,127447.0000 ± 0.0000,39445.666666666664,327.39018515119494,39445.6667 ± 327.3902,2.8601622626736556,0.002119229637452954,2.8602 ± 0.0021,0.3290083893491741,0.0031170066909932035,0.3290 ± 0.0031,0.0,0.0,0.0000 ± 0.0000,0.0,0.0,0.0000 ± 0.0000,0.0,0.0,0.0000 ± 0.0000,0.0,0.0,0.0000 ± 0.0000,0.0,0.0,0.0000 ± 0.0000,0.0,0.0,0.0000 ± 0.0000,0.0,0.0,0.0000 ± 0.0000,0.0,0.0,0.0000 ± 0.0000,0.0,0.0,0.0000 ± 0.0000,0.0,0.0,0.0000 ± 0.0000,0.0,0.0,0.0000 ± 0.0000,0.0,0.0,0.0000 ± 0.0000,0.0,0.0,0.0000 ± 0.0000
Last.fm,lastfm_aggtail_noraw_20260514_081941,TD80,aggtail_td80,0.80,NeuMF,3,"42,43,44",12834,127447,9485455,0.00579918,0.99420082,739.0879694561,74.4266636327,0.037455057057995934,0.0002969113633456706,0.0375 ± 0.0003,0.3745505705799594,0.002969113633456709,0.3746 ± 0.0030,0.21155476212657534,0.0018717523123732349,0.2116 ± 0.0019,0.16186806935790835,0.0015476845737046837,0.1619 ± 0.0015,0.4459343884124381,0.0046415677573010995,0.4459 ± 0.0046,127447.0,0.0,127447.0000 ± 0.0000,56833.0,591.553885964753,56833.0000 ± 591.5539,1.8363327861327061,0.03986655167225156,1.8363 ± 0.0399,0.3745505705799594,0.002969113633456709,0.3746 ± 0.0030,0.0,0.0,0.0000 ± 0.0000,0.0,0.0,0.0000 ± 0.0000,0.0,0.0,0.0000 ± 0.0000,0.0,0.0,0.0000 ± 0.0000,0.0,0.0,0.0000 ± 0.0000,0.0,0.0,0.0000 ± 0.0000,0.0,0.0,0.0000 ± 0.0000,0.0,0.0,0.0000 ± 0.0000,0.0,0.0,0.0000 ± 0.0000,0.0,0.0,0.0000 ± 0.0000,0.0,0.0,0.0000 ± 0.0000,0.0,0.0,0.0000 ± 0.0000,0.0,0.0,0.0000 ± 0.0000
Last.fm,lastfm_aggtail_noraw_20260514_081941,TD80,aggtail_td80,0.80,MultiVAE,3,"42,43,44",12834,127447,9485455,0.00579918,0.99420082,739.0879694561,74.4266636327,0.0180996300349122,0.0011137507792332365,0.0181 ± 0.0011,0.18099630034912198,0.011137507792332394,0.1810 ± 0.0111,0.09841144099278265,0.005754895623786151,0.0984 ± 0.0058,0.07340761170290637,0.0041104403036275475,0.0734 ± 0.0041,0.10524636384797863,0.013387695702693677,0.1052 ± 0.0134,127447.0,0.0,127447.0000 ± 0.0000,13413.333333333334,1706.2216542212018,13413.3333 ± 1706.2217,4.619558076827139,0.303343456843984,4.6196 ± 0.3033,0.18099630034912198,0.011137507792332394,0.1810 ± 0.0111,0.0,0.0,0.0000 ± 0.0000,0.0,0.0,0.0000 ± 0.0000,0.0,0.0,0.0000 ± 0.0000,0.0,0.0,0.0000 ± 0.0000,0.0,0.0,0.0000 ± 0.0000,0.0,0.0,0.0000 ± 0.0000,0.0,0.0,0.0000 ± 0.0000,0.0,0.0,0.0000 ± 0.0000,0.0,0.0,0.0000 ± 0.0000,0.0,0.0,0.0000 ± 0.0000,0.0,0.0,0.0000 ± 0.0000,0.0,0.0,0.0000 ± 0.0000,0.0,0.0,0.0000 ± 0.0000
